REMOTE_PORT,LATENCY,THROUGHPUT,ANOMALY
53,19.58001302,18.96483151,0
53,18.15465703,11.5174703,0
53,12.89402211,13.07461271,0
80,11.48398463,12.17303059,0
21,10.71956757,13.92880174,0
23,18.74185557,16.12821296,0
443,12.78794112,12.71227816,0
443,11.1090728,16.861242,0
67,14.26366271,10.38079888,0
21,11.38597467,11.06271498,0
443,12.75266273,19.74299375,1
68,16.70414754,13.68015566,0
22,18.92419269,19.02081821,0
68,15.74087368,14.23658548,0
20,13.40764897,15.10120237,0
20,12.48304021,10.93672031,0
53,13.33486108,12.33994965,0
23,12.06243389,19.65392359,0
443,10.00734629,17.95745708,0
23,16.90195547,12.38546003,0
53,15.82199298,12.98653047,0
80,18.28342692,14.48785452,0
67,15.1902797,19.92873885,0
23,17.54328053,17.25793461,0
68,10.69378618,14.44607048,0
67,18.45842612,10.91072099,0
68,12.06089825,10.2312793,1
23,11.05600019,11.94141277,0
22,10.52347474,13.01585453,0
443,13.56327425,18.63500963,0
68,12.55226403,15.99716511,0
80,12.87252731,14.78085525,0
68,15.11253073,18.55294613,0
80,16.13253625,18.43571386,1
67,19.34694763,10.93929361,0
53,13.98263706,13.72986879,0
443,15.64127422,15.41386604,0
21,10.85452886,18.12100017,1
443,12.2168006,10.59756699,0
21,15.77185265,16.89797323,0
22,18.13556195,13.0493147,0
23,11.50576966,15.58810747,0
53,14.69956731,14.76297523,0
20,15.62582694,16.07262603,1
23,15.64535439,14.17360667,0
22,15.90969648,18.56715998,0
22,10.62871697,19.22841921,0
443,13.74443356,12.39937793,0
443,14.47308645,14.14117388,0
80,19.53621788,12.69877385,0
80,13.77215518,19.5521812,0
21,14.78563176,11.59148497,0
20,10.0844617,14.78799625,0
20,11.04048349,15.90034164,0
22,13.79869223,12.06498754,1
22,13.51116228,13.39418639,0
68,13.44849945,19.15343984,0
80,15.86087506,16.48423345,0
22,18.58285912,11.05624473,0
67,18.74466584,10.70493575,0
53,17.30302721,11.20043497,0
20,13.64228934,19.77155446,0
21,19.75251757,16.83600552,1
80,11.58828777,15.92831224,0
53,19.99962703,18.21729382,0
443,13.4935082,18.12391222,0
22,17.00292313,13.98199937,0
21,11.51237434,17.72786116,0
67,16.93736835,10.44407939,0
68,16.90732379,12.60678398,1
20,15.26706783,10.44372737,0
20,17.55553354,18.25302086,0
20,13.24184702,11.18216333,0
22,15.37130265,17.18717562,0
22,11.20526643,14.81824811,0
53,14.79342778,14.00878247,0
20,10.26796705,17.46643913,0
21,16.5872448,16.71727862,0
21,12.48830424,17.73417149,0
23,10.86205192,12.0651367,0
22,10.32060224,19.85631806,0
443,17.15910412,16.97771832,0
67,16.30119349,18.59719239,0
22,19.27278322,10.70063841,1
23,15.69280665,12.88066883,0
80,18.55589382,12.21156637,0
80,12.0592068,13.4754126,0
443,16.12527204,17.36516646,0
67,15.19427759,12.44752707,0
20,11.5128218,18.10890348,0
22,13.19137216,10.62427718,0
443,15.83280056,19.79923916,0
80,12.75401216,17.49324375,0
80,11.2760001,17.98413481,0
53,18.90247344,13.00653157,0
443,11.47163438,17.6574171,0
80,19.3968151,17.71097235,0
21,17.23600727,12.75748066,0
23,19.07952432,18.3012886,0
23,18.6085491,15.95990926,0
443,18.6055778,14.06349018,0
68,11.82491258,15.4773214,0
20,15.00185791,11.55264375,0
20,12.22932631,10.82346025,0
80,11.63846115,16.83006508,0
22,18.34829959,15.85373204,0
443,10.71407996,13.0074599,0
67,11.76439124,14.71468274,0
53,12.13817644,18.28229001,0
443,19.88186538,18.95636551,0
68,14.02628168,11.51202897,0
67,10.15472967,13.14406417,0
443,13.34220032,15.70898962,0
80,14.86696046,15.96829063,0
68,18.89850976,15.67097026,0
67,15.11917072,17.78249725,1
68,16.95058741,10.8925514,0
23,17.89907769,16.91727855,0
22,17.96003914,18.03099068,0
20,11.87890324,17.56963253,0
80,18.31342015,14.03882686,0
21,18.21929525,13.77700667,0
443,18.96306868,15.06464743,0
68,19.57890446,12.45410042,0
53,17.84455723,12.37186102,0
23,13.73959748,13.06640813,0
67,13.58828979,14.49145094,0
20,19.3131786,14.58882511,0
53,14.01073612,14.55251609,0
20,16.67588592,14.36380157,0
53,14.43836592,12.55273243,0
68,12.47662133,12.92667702,0
20,12.51980081,17.20053768,0
20,18.91331825,11.21647701,0
53,18.39560896,10.15785345,0
21,15.77992747,16.59702793,0
22,18.20142875,19.83525529,0
53,16.14185229,10.79076571,0
80,14.83507638,13.99975225,0
21,15.60094319,13.59212795,0
80,16.94845143,19.70153105,0
80,14.0182691,18.70256628,0
443,12.79184145,14.66394185,0
67,17.85644101,16.67452165,0
53,11.09141077,12.12192889,1
443,15.85962567,11.49069599,0
443,15.55466017,12.10021442,0
23,15.39404148,11.23264195,0
21,18.58475783,14.3413412,0
22,18.14643173,12.38861534,0
443,18.48227305,12.52489629,0
443,15.15394166,15.39511586,0
53,19.51129106,18.80827813,0
80,19.48885331,15.52441347,0
443,17.8165155,13.78159416,0
80,16.43722611,19.1779629,0
22,16.56691265,10.26781664,0
20,19.74724108,14.21410815,0
80,19.18522942,19.92675369,1
20,18.0337677,13.66739414,1
23,17.84690378,12.66260257,0
21,16.86346599,11.08571793,0
23,14.06073949,19.34204988,0
443,19.95532173,10.52419998,0
80,15.78112157,13.86173362,0
23,14.00056384,15.03373438,0
22,12.96767064,17.82637448,0
21,14.92898757,15.88267626,0
80,18.49625301,15.71945086,0
53,18.883155,14.98526562,0
20,10.0578504,18.94323469,0
22,14.92130493,18.78600886,0
53,14.07254554,14.7840438,0
80,18.67470314,14.16221266,0
22,19.38000505,19.74836948,0
23,12.06796699,13.21407482,0
67,13.93500465,17.37333484,0
23,15.16252559,11.1712528,0
21,12.56415256,15.26061835,0
53,14.21797273,14.26691794,0
22,14.98891692,17.06119374,0
20,11.71982095,19.79999929,0
67,16.6026103,11.8475457,0
80,16.13911883,12.55166868,0
20,19.8502655,17.24895563,0
80,17.71775864,12.31068424,0
23,12.49991954,10.76696021,0
20,10.91959891,12.94585202,0
20,16.75994394,19.63725602,0
21,10.51312272,18.42378163,0
22,10.35514576,12.49417577,0
22,14.88009252,17.50644099,0
21,18.12604003,10.2781057,0
80,17.97790177,17.9041099,0
20,13.8372987,13.21342473,0
23,13.98422147,15.46986159,0
23,16.92163099,18.72172297,0
53,15.9158902,17.33722603,0
22,14.18651855,18.19243139,0
80,13.80746755,14.27460865,0
443,13.33387205,14.76497049,0
23,18.16525869,18.35457494,0
443,10.58920996,17.89913179,0
68,19.36556792,18.13148099,0
68,19.81659321,17.0802804,0
23,14.88667659,13.05183776,0
23,15.30187434,16.12206997,0
67,19.33513496,14.4793484,0
80,14.08610455,14.42474917,0
80,14.90775607,13.92003551,0
443,11.69515962,15.59121057,0
20,16.75895597,15.75328826,1
22,18.81014548,19.28385725,0
443,13.06835468,13.91773108,0
22,16.90819746,12.62951229,0
23,15.78033373,19.27943525,0
68,18.11142849,12.50344516,0
22,19.10031826,14.29538596,0
23,14.93528388,14.76117404,0
23,18.1357467,14.36311392,0
443,19.55914821,13.39627699,0
53,15.82184901,17.55973009,0
21,14.92892605,16.07283867,0
22,13.94284296,13.43824666,0
67,11.31672147,12.49945747,0
80,16.86955123,19.71878661,0
53,16.19678711,19.07421633,0
23,11.04518637,10.7610038,0
80,19.06791036,13.6497724,0
20,18.76485643,17.40545202,0
68,12.25903951,10.38152604,0
21,12.94474516,16.31609362,0
80,19.26954399,13.54467076,0
21,16.1364427,10.71935746,1
68,17.88985999,11.5566368,0
53,14.54638969,11.14401503,1
20,10.21152388,17.03424559,0
53,16.21044691,12.09712179,0
21,12.78368038,16.5170396,0
23,18.50910387,11.58763209,0
68,13.75916185,12.00015272,0
23,12.88531655,13.11362413,0
23,11.55251029,17.70702164,0
80,12.57963864,19.1525055,0
22,14.11414894,12.08633004,0
20,16.19184134,15.94297002,0
443,16.73310583,13.18696304,0
80,12.87996046,12.31889469,0
67,13.45846736,12.16431594,0
53,16.80859044,10.86428863,0
22,11.03377615,15.52901927,0
53,15.36676585,14.50548502,1
67,10.88251902,18.9936573,0
20,16.71331573,12.94000996,0
68,11.40050613,13.66758516,1
22,13.29314347,15.91713478,0
22,18.96275852,19.01159768,0
443,13.04106978,13.74296398,0
23,19.96812118,14.09738951,0
80,15.72111486,11.33037039,0
443,16.92668896,11.25600998,0
21,12.44748092,10.37770068,0
20,18.06165874,14.3641026,0
23,10.35781718,12.10743936,0
67,12.53507345,11.89102977,0
68,19.56554551,18.61217209,0
80,19.24802565,13.89674985,0
22,17.31508436,17.61654841,0
67,14.89849783,11.53571272,0
21,11.96930752,14.98799515,0
21,16.58122902,10.27162226,0
21,18.57681414,13.51629795,0
80,12.80736291,15.40373758,0
80,17.39629582,11.77522865,0
68,15.42135246,10.58357043,0
22,18.03754286,12.76900392,0
80,12.43909475,12.33470452,0
443,11.67789048,12.70042299,0
67,18.89289898,18.1674201,0
68,18.50265026,16.3438449,0
22,16.46416811,13.80856955,1
443,18.92487889,18.34317686,0
68,17.48254196,15.45342281,0
67,17.93582575,10.51478256,0
21,15.83557025,10.19334922,0
22,16.3817617,18.30308768,0
80,15.91654849,10.38040378,0
20,15.57663554,14.32130626,0
80,19.173469,19.66678208,0
443,17.42646877,10.40076807,0
22,18.41693876,15.46757097,0
21,17.62960735,14.86344379,0
21,16.93237396,12.80959068,1
443,14.97121813,12.00508606,0
53,19.03717692,14.70454838,0
22,12.98385217,11.34925735,0
443,12.21091414,11.02345712,0
23,16.00910131,19.61856846,0
53,11.68554706,14.94133016,1
443,10.70138929,16.56849972,0
20,14.99997846,10.34516179,0
53,15.36857628,16.98186426,1
67,13.06029639,13.27436256,0
80,12.31673589,16.81967831,0
23,10.41600982,13.91344435,1
21,17.81581731,15.42664676,0
80,12.20224662,14.49576644,0
20,13.51111747,12.86241314,0
23,13.21013137,13.58106993,1
53,13.13246484,17.20384633,0
80,13.81409649,16.07090383,0
68,14.37157665,17.82892214,0
20,12.0108362,12.09477663,0
68,11.74890698,14.31812344,0
23,19.19785205,14.9366432,0
68,12.161549,10.5959806,0
80,15.85793278,12.52669317,0
20,11.74236485,14.14203668,0
80,16.98000185,19.98491104,0
68,15.30360361,14.09344317,0
443,13.76965486,18.85686303,0
21,10.88072902,19.14815284,0
80,12.59247577,16.85359672,0
20,17.86905477,19.99210502,0
80,18.64040606,10.30617409,0
53,19.34514283,12.82859371,1
22,18.29488908,10.43753012,0
20,17.25170045,15.68632585,0
53,16.93738103,16.01633131,1
22,16.92663246,11.68446289,0
67,10.68756471,13.51112982,0
20,12.42237406,12.43274753,0
22,10.02694726,14.61773785,0
23,12.18658758,16.44168702,0
21,19.23994758,12.83690229,0
68,16.94106374,13.72843402,0
443,13.45891765,12.10945411,0
67,18.10848041,16.18486169,0
443,18.55687126,18.85939245,0
68,11.93589171,14.8676775,0
80,15.06458985,14.88783746,0
443,15.32795404,11.25475261,0
80,12.85415433,14.05311938,0
23,12.82212924,17.11766367,0
20,18.36238397,19.14406166,0
443,18.70505539,19.52830975,0
443,13.18205532,17.60141508,0
80,12.04235854,10.84022991,0
22,12.25062577,17.99768131,0
20,16.29642968,11.32761054,0
80,15.92058754,10.189393,0
443,17.3586418,12.74599439,0
23,12.58284215,16.20706582,1
68,13.53821118,18.16080236,0
21,17.87033787,12.52067963,0
23,14.32757739,10.659089,0
53,15.44896146,16.48914185,0
21,12.03038945,10.73349093,0
53,12.54011592,14.11516101,0
22,17.63744376,14.05284071,0
67,19.86791852,12.91348963,0
23,17.06433508,17.84209081,0
68,18.96146646,13.06537013,0
53,19.43921231,18.76262337,0
20,12.25396173,12.45595338,1
67,17.00115165,12.09073453,0
68,16.88504286,13.30749493,0
80,17.66244094,12.45020596,0
20,17.40281158,17.84689586,0
20,19.40458504,12.60762505,0
22,13.96064521,10.77625191,0
53,10.27205315,13.27638307,0
23,12.83382058,15.9051517,0
80,18.06054704,11.92596992,0
20,16.93374104,19.718111,0
20,18.92468655,16.5356889,0
22,17.13506874,16.14895087,0
23,15.17169406,13.86638467,0
68,16.28925692,14.82317388,0
443,19.67693401,17.35935516,0
443,11.18818191,11.31436307,0
443,15.43863599,19.25349152,0
68,12.58711593,12.77171843,0
443,11.12296368,16.66208046,0
67,11.36463652,11.70980011,0
80,12.34781785,18.63829111,0
68,13.69693096,11.81030513,0
21,17.44756753,14.25656572,0
23,10.75736045,11.25160707,1
80,13.5182844,17.86811072,0
80,14.63731238,13.33561027,0
22,12.01534014,18.61226598,0
443,17.55798403,14.74624261,0
53,16.87336549,17.47309685,0
67,18.54062244,15.25956625,0
443,17.78501639,17.97223314,0
67,12.66175249,17.91795408,0
443,10.93495717,17.77238291,0
53,11.84781489,17.05917032,0
68,19.549792,14.80054246,0
21,18.92458744,14.59210019,0
23,12.74132102,12.98624862,0
20,16.2732958,16.74305952,0
443,12.83494333,11.55535128,0
80,16.74245731,10.46181487,0
21,12.86839495,17.39437724,0
21,16.00780414,15.86245917,0
443,17.68129463,16.49516568,0
20,10.62480387,18.89589848,0
80,16.92587867,11.84364842,0
68,13.27894864,15.03438209,0
53,17.32247581,12.01725199,1
443,13.3608121,12.51854472,0
443,17.09469656,15.07419407,0
80,11.61977008,11.26835128,0
443,16.11677645,14.60824869,0
68,12.04504139,14.84997146,0
67,18.87340923,12.67590742,0
443,19.49980445,15.66863887,0
23,12.58519893,18.48370947,0
23,17.44308008,19.90227911,0
23,17.93763663,17.37843583,1
68,16.17005482,18.41486991,0
23,11.78203386,12.66968754,0
53,17.17142016,18.53679088,0
67,17.54014473,16.47249142,0
22,12.3857999,10.84148807,0
68,13.2778189,12.42616729,0
23,10.09650729,13.49662596,0
23,19.05851418,14.09640902,0
21,15.83871859,16.08096374,0
67,10.15395678,15.87625891,0
68,12.50574386,16.94893861,1
20,11.43202583,12.64835554,0
80,19.13847643,11.88743228,0
21,18.65976178,18.55781347,0
53,19.27005391,17.69939277,0
23,12.0466682,11.48555382,0
443,18.20887659,17.64242578,0
53,12.49521618,19.05145164,0
22,10.309326,18.71364332,0
20,15.86516729,14.09507579,0
23,16.82986946,10.74012277,0
68,16.74800218,11.36504656,1
67,10.60198163,10.08362342,0
80,12.61642977,12.83860191,0
20,17.32533266,13.29595578,0
53,15.26131515,12.19862416,0
23,10.35187603,17.14262891,0
23,13.53494962,12.43633929,0
20,13.3907096,17.0264136,1
443,11.56647878,10.9454979,0
67,12.41019219,12.58175105,0
68,10.71245043,16.22941858,0
23,17.01957782,14.19182691,0
22,19.75142554,18.57709235,0
53,16.31643325,16.94193301,0
68,13.02286416,14.02877651,0
67,15.31885696,12.36570081,0
80,12.834029,13.29537071,0
20,19.32780426,18.92333546,0
20,16.51101896,12.70260087,1
21,12.98368114,10.92193834,0
23,18.16141125,12.38190936,0
21,18.53459317,16.24453906,0
443,18.36029861,11.34610594,0
68,10.88687836,16.93191803,0
21,17.04320252,15.63678719,0
53,13.39930184,17.29438563,0
68,14.70115461,13.69739657,0
53,19.73237671,10.88325377,0
443,16.0321399,18.04466082,0
53,16.8322861,12.03290024,0
20,10.20262636,17.22097078,0
23,16.46624836,10.19636898,0
21,10.81653369,15.61873985,0
67,18.85648265,14.23262614,0
53,16.52845108,14.56454404,0
443,18.81818708,16.28856297,0
80,14.27250906,18.94075105,0
22,12.38588613,18.4944904,0
53,12.63003965,17.52732101,0
67,12.45902197,19.35899378,1
20,16.95861464,15.96727127,0
23,13.80773816,18.15429328,0
22,17.90069639,18.90950471,0
80,14.34120488,14.69753331,0
23,18.54085449,18.70823484,0
21,17.58216725,18.09724609,0
23,14.5666954,14.10996582,0
80,18.77043936,16.78812347,0
22,14.24653863,11.68291524,0
23,19.75429832,18.4189906,0
21,15.38480395,11.02525517,0
80,10.4229909,15.54232122,0
68,18.86863575,18.48259601,0
80,18.58907727,19.76517073,0
80,10.47817666,16.56590272,0
80,13.7572301,17.23619435,0
21,15.46306652,15.34556163,0
21,11.6183815,13.18969395,0
68,19.67931265,17.17948634,0
20,13.26414431,14.1784469,0
68,18.7421089,11.96192695,0
22,18.61442433,11.45437605,0
20,11.32718954,19.81546255,0
443,18.11286376,18.7053196,0
443,19.9598637,19.98435784,0
68,14.79645969,11.62219473,0
21,15.00570348,10.20817593,0
53,15.54944901,18.01746605,0
68,10.11602899,13.12290241,0
23,14.58227275,17.64115383,0
22,17.81730291,14.72305197,0
80,13.38070224,19.32170558,0
67,18.9955129,17.02168747,0
20,16.2308478,12.80089619,0
68,15.98652174,11.79582046,0
20,11.5240348,16.76588379,0
21,18.28015644,10.98440417,0
20,17.76606589,14.52141907,0
20,15.42625188,13.32488073,0
53,11.27586336,12.62127194,0
20,13.01232816,13.33972214,0
22,13.90989173,15.51941434,0
67,14.78017656,13.14921995,0
80,17.39401965,15.60267946,0
21,15.92887833,13.86176016,0
20,12.16655048,17.15970997,0
22,19.40142263,16.66821376,0
443,17.40212605,18.19482547,0
67,13.59756526,12.26139823,0
443,17.94014891,18.1708392,1
23,16.61517011,12.29568156,0
68,10.56286279,15.47411516,0
23,10.96674749,14.69966753,0
80,12.48810793,14.8005617,0
443,12.01886602,18.44704443,0
23,12.52143722,13.20982664,0
53,18.51338931,19.60388548,0
53,10.79338517,15.99052626,0
80,19.71194822,16.36032312,0
23,19.45532618,14.81362545,0
21,17.02149078,14.8811312,0
80,19.64240666,11.19186958,0
67,12.37886085,13.49719766,0
21,19.65814108,16.14333092,0
443,14.59112086,16.96846989,0
20,13.07604666,15.36193909,0
443,15.11431319,16.655661,1
23,12.83354557,19.4250727,0
53,11.34835714,12.94773478,0
443,11.53552148,13.60429905,0
443,15.24195416,14.31085643,0
21,15.73226267,14.87968111,0
53,14.79103264,14.37587681,0
21,11.45621288,10.88502071,0
68,13.15910505,18.72426277,0
443,13.927182,14.20288097,0
20,19.24183509,10.46935703,0
67,19.96138049,16.03731096,0
68,19.18274591,16.430264,0
53,10.72288661,16.74069638,0
22,15.11029321,18.108181,0
22,12.48622046,12.88203641,0
67,19.53430805,15.3181491,0
20,10.04358626,12.63114752,0
80,15.51687299,14.46796317,0
21,12.08349551,17.10476163,0
80,16.28286072,12.70814077,0
23,19.21527325,19.75005631,0
53,13.43020952,18.70444383,0
21,11.14252183,10.67261842,0
21,12.38079553,16.80656885,1
22,12.27341588,13.93653583,0
21,16.45298519,11.47219394,0
23,17.31123717,11.92292202,0
21,16.08353663,17.4253542,0
23,19.28857476,15.59801729,0
21,14.37524311,15.68577194,0
443,19.6487389,17.82475384,0
443,14.96239224,11.84939599,0
22,10.07551692,11.62170852,0
443,13.2801814,11.3507996,0
22,14.98265862,19.42926527,0
80,14.73820704,15.85429639,0
68,13.33118792,13.30537114,1
23,11.40138064,15.72884008,0
443,16.05951193,17.09088467,0
20,19.04239192,11.38599251,0
21,14.68608224,18.44582831,0
67,11.47491421,14.58597982,0
443,18.54434658,19.92544799,0
22,17.07989918,11.17358258,0
67,12.52497174,12.53281718,0
68,10.27211456,12.66616101,1
22,13.06599946,11.63381592,0
80,11.8412563,19.84044062,0
443,15.51230932,11.74550714,1
68,15.76123433,18.96706164,0
443,14.41083213,12.37338991,0
21,19.91896425,10.06187302,0
443,18.90268487,17.28928794,0
20,15.93961252,13.87563096,0
21,15.39801524,13.7250023,0
23,12.95738739,18.08744744,0
68,18.04065076,15.52504654,0
23,13.74255017,15.3517319,0
20,10.96078854,14.34607207,0
443,10.70139932,19.96225693,0
53,12.64259541,10.26651269,0
23,15.88899591,12.05599945,0
53,16.73526726,11.11420713,0
68,15.33397954,12.3364928,0
53,11.24272127,11.909752,0
443,11.79996415,14.95591494,0
21,16.82370187,14.2362516,0
22,12.12634943,13.95025452,0
23,16.38802059,18.79677842,0
443,13.99263019,19.08109143,0
80,13.67409155,18.19950334,0
22,16.74761571,14.0130414,0
20,10.44746975,16.64875121,0
21,10.46269922,18.57067908,0
20,15.5529964,15.78211593,0
443,18.00261078,14.39266858,0
443,16.34633329,17.55087669,0
22,13.53529003,10.98042609,0
20,17.43003598,18.95329197,0
20,10.36007,16.27431459,0
53,15.40646078,17.87130126,0
68,18.77992408,15.09079731,0
21,10.68144398,17.69198264,0
80,12.50563029,16.06010008,0
68,17.43037913,13.28572947,0
67,15.29557453,16.97255428,0
22,18.7088409,19.15448865,0
22,12.51601094,12.54645593,0
20,16.87003531,15.97760963,0
68,11.07618471,15.66841923,0
443,10.14825387,17.25362657,0
23,12.00760012,10.11938664,0
20,19.02765831,14.18116746,0
22,10.35763604,18.37705039,0
53,14.82189032,15.46385398,0
21,18.8839565,10.54804382,0
22,11.34680907,16.78433454,0
22,17.59635408,17.26096127,0
21,11.77891891,14.85189159,0
53,14.20892855,15.32823639,0
21,16.68685306,18.30402589,0
80,17.84871202,15.85579914,0
22,11.83032762,19.13547811,0
21,11.48526048,11.05065989,0
80,11.49126114,18.02346393,1
68,15.75031642,13.24904533,0
67,19.76685009,19.72900561,0
68,11.65393747,14.50930772,0
53,11.62364909,16.67781232,0
23,14.15529727,19.845787,0
443,14.48312234,10.83808447,0
53,11.32246356,16.60149972,0
53,19.21418337,11.56532948,0
67,12.18358499,12.6006609,0
22,18.29402556,12.47251973,0
67,17.15739269,14.52623133,0
67,13.4058296,17.85270064,0
443,17.77885079,12.92504656,0
23,10.65329902,19.47454056,0
80,13.15879445,17.40015521,0
21,19.81581224,11.47103624,0
67,16.30043077,18.00009619,1
22,10.58173311,12.41536276,0
20,11.33759421,14.84829509,0
53,10.81308199,16.6177824,0
22,16.98939175,17.53797249,0
53,18.67144158,12.42783513,0
23,18.41908515,11.90009151,0
21,10.27335914,11.2799593,0
68,18.5488188,15.8532978,0
68,17.44376546,18.93066934,1
67,11.16750834,11.59077939,1
22,19.92295019,12.83824479,0
67,18.98280328,12.30401354,0
20,11.2123788,12.2300942,1
80,13.37115758,18.36783827,0
67,14.0913262,16.22957161,0
443,10.84446483,14.58930937,0
443,12.19632477,17.55472011,0
68,17.99648518,15.22692606,0
68,18.1107316,12.63165795,0
80,18.34179068,18.15663616,0
23,12.47474418,11.2116051,0
80,12.45452006,11.52332289,0
23,17.8381578,11.41355006,0
23,10.90176648,13.1982756,0
53,18.03482144,14.43874628,0
23,10.07198263,12.21294515,0
443,18.44483543,12.22515514,0
53,19.52824983,11.02225484,0
53,16.18107087,18.82638005,0
22,13.8950504,18.71449088,1
443,18.62409068,11.30432778,0
22,11.08759839,13.83181608,0
53,18.79465199,18.89682553,0
20,12.38308981,15.15514314,0
22,17.58455312,15.72143673,0
53,10.69628608,18.13323167,0
67,19.01605476,18.9698871,0
67,17.54657078,10.28470931,0
67,18.2574161,16.78238273,1
53,11.77675348,14.74484527,0
68,14.63933784,16.32689811,0
80,16.45821118,18.43921186,1
22,16.1009709,12.15529055,0
20,18.84647926,18.75224799,0
22,11.29311532,12.16128778,0
68,14.70963195,17.32666558,0
53,16.22734417,14.68747936,0
68,16.12743568,10.8312791,0
22,19.87523898,16.94380852,0
53,15.55891756,16.20213946,0
21,12.83064865,18.06537789,0
80,10.28301129,10.88361055,1
80,19.91596645,17.72330187,0
53,19.27187862,11.1969243,0
20,13.23273746,18.34356444,0
67,11.49700545,10.4989427,0
22,16.36824519,18.41942116,0
68,19.34953355,16.42443024,0
80,18.55601566,15.60987158,0
22,11.68267716,18.61244857,0
68,16.43881151,14.35911833,0
22,11.79716072,13.39968947,0
443,17.86679475,19.64060918,0
23,16.80436934,13.0688139,0
53,13.03839005,16.689827,0
67,10.89992266,18.73630838,1
53,17.70830186,15.09451683,0
22,11.78536097,18.17574894,0
67,10.15179021,16.9800691,0
21,15.74831036,18.42607794,0
22,10.55787513,14.10772083,0
80,12.78281345,16.88221971,0
21,14.16046534,12.78110394,0
67,10.81589024,16.33533256,0
22,17.58981605,14.45129871,0
21,10.92834931,12.83424043,0
23,16.72654874,13.99784377,0
53,16.53613761,14.36272398,0
67,14.36768692,17.85553158,0
80,12.56317732,14.26457958,0
80,15.66488446,13.6107079,0
21,11.81347756,13.46429704,0
80,14.19761046,13.16971571,0
21,15.55437825,13.28945819,0
80,16.4457472,12.16178272,0
22,13.08301391,11.55746042,0
21,17.21946126,12.14395313,0
80,10.48888209,19.02332733,0
20,18.17198667,17.84970056,0
22,10.55779828,10.45846665,0
80,18.87134077,18.52705485,0
68,14.16999063,19.36714014,0
443,11.97790792,10.42837626,0
80,10.2104068,14.5172284,0
23,19.57746659,14.17300287,0
68,13.16749891,18.30693574,0
21,14.58731983,12.074247,0
443,17.98485291,15.02815601,0
443,10.28230422,13.13552172,0
67,11.4839876,15.54817033,0
20,13.37760802,18.68011292,0
23,19.64891416,13.50290477,0
22,18.68116954,13.89551382,0
22,19.91249416,18.971162,0
20,15.94464477,16.97499848,0
21,12.35800733,10.80120512,0
53,12.65312612,10.60452906,1
68,12.98422499,14.54541956,0
22,14.50450039,19.25179969,0
21,13.56981635,15.28664274,0
68,12.41515294,16.36482272,0
80,15.98577265,15.22555482,0
53,19.79710698,19.5271278,0
67,18.54212188,15.79435273,0
68,10.01033855,19.73837668,0
443,13.357144,17.95122645,0
22,19.54146948,15.66050493,0
23,14.68330415,18.56515622,0
80,14.30709369,18.17119716,0
67,11.55442958,17.96308834,0
23,15.33421972,19.89978305,0
80,18.8945909,18.88396274,0
22,11.8119703,19.73091508,0
21,19.66198745,10.23831174,0
68,11.07747991,19.37399375,0
443,10.17344141,18.55002898,0
22,13.18981732,10.53162895,0
21,16.7296121,16.10621813,0
443,14.59098218,18.87037023,0
20,16.40497619,17.69075407,0
22,12.14402274,13.55149595,0
53,14.72998788,10.73828508,0
80,15.68644075,14.77990425,1
23,13.43219836,15.3591039,0
68,10.13236846,17.95187529,0
53,15.39291883,17.77079933,0
21,15.19464415,14.68278716,1
23,17.00715897,15.98550137,0
68,17.50257394,18.2883255,0
67,15.73476598,17.64218492,0
67,10.43917176,19.40164151,0
20,16.22757847,13.98692207,0
22,10.56534283,13.39574982,0
23,13.96667761,13.48047473,0
22,17.04009768,10.43877292,0
20,17.31330046,15.18725899,0
68,16.40043999,19.20593937,0
21,19.52285608,18.56684717,0
22,16.78769917,19.40284067,0
21,15.83167275,18.42712338,0
80,12.48489722,13.39961012,0
20,10.04197487,13.0820127,0
53,18.73846548,12.66426671,0
80,19.28448795,11.65198322,0
443,10.65919199,19.93622704,0
22,10.50855465,10.62294531,0
21,15.0298396,17.80142808,0
443,14.41662494,18.85250555,0
20,11.38114687,12.27277991,0
80,11.50501517,15.12738216,0
22,14.36122241,13.25230288,0
22,10.82738359,10.98965504,0
68,16.99400658,19.02268215,0
443,10.25760819,15.6637086,0
68,11.30205997,11.03010074,0
20,17.70300036,19.5149347,0
68,19.90681992,15.83002708,0
68,14.98530137,17.37060324,0
20,16.26502557,17.27253416,0
23,18.07712976,12.56771402,0
67,12.83276769,16.34008077,0
80,12.67898221,12.44207032,0
53,15.19420505,12.81259777,1
68,12.2147853,15.79512504,0
23,17.64850291,12.72558962,0
20,12.28201601,11.03954716,0
22,17.89897032,16.81517966,0
67,10.83239078,17.57265591,1
67,18.63975044,18.304747,0
53,16.76192461,15.40902648,0
53,17.47414536,13.85767871,0
22,16.90462753,17.50847233,1
23,10.65364471,13.33491328,0
53,10.08523465,12.27591854,0
67,14.63329491,11.62352461,0
53,12.20354336,14.03436773,0
53,10.43955176,15.93249127,0
68,10.37362118,14.74303592,0
22,10.61969498,14.32281554,0
443,11.79308991,13.41423023,0
67,11.53994014,11.84816379,0
23,10.62681464,19.86820476,0
68,12.80863833,14.75527346,0
20,13.94520835,15.48937924,0
20,16.26406095,18.59570915,0
68,11.17537409,19.75700415,0
67,12.81909462,14.73154487,0
67,16.57945386,11.69275034,0
68,13.68685492,11.22384843,0
53,13.83498595,13.18585746,0
53,10.81398493,19.65099023,0
20,10.81712175,16.57379927,0
443,18.90239207,15.948569,0
23,17.41896334,14.4414559,0
443,13.71792926,15.86243278,1
80,14.90370569,17.54275031,0
443,11.23941164,18.97277314,0
22,14.97325285,16.55905756,0
22,10.98931373,16.98996732,0
21,11.71665681,16.09875142,0
80,18.24245902,14.13013638,0
23,11.48158982,13.23200588,1
53,16.55888817,12.688762,0
80,19.4657674,17.1890464,0
53,11.47737078,14.15351812,0
67,15.50978914,17.38516784,0
21,10.00562642,17.96370623,0
67,15.55735619,12.42436816,0
53,11.74269163,12.82002444,0
443,10.97810992,11.30771503,0
21,13.56491222,16.82253576,0
20,19.52841894,16.7187213,0
23,17.57423501,15.52135813,0
53,18.58788641,17.33689748,0
443,16.83098231,18.54268053,0
67,17.63236239,12.51703065,0
22,14.36703494,16.46129833,0
21,11.02489505,16.60766122,0
80,14.14425257,14.14500159,0
21,16.04753415,12.94179343,0
23,17.58766039,18.88303335,1
53,15.11859598,11.33606459,0
80,15.37615211,11.01244865,0
68,19.77033715,11.53195611,0
53,10.47252869,11.42897477,0
443,14.68962666,15.19321007,0
443,15.82984929,11.4898796,0
23,17.17533176,12.60455393,0
68,14.9689921,14.14447902,0
80,14.0794512,19.13893966,1
68,16.94599549,11.13514927,0
443,11.35330599,15.61714816,0
68,15.68075842,16.11105698,0
67,16.02761723,15.6557829,1
68,14.97329955,11.01595651,0
80,17.32217653,15.97879662,0
23,10.43019647,17.94926044,0
23,17.07383748,12.6560424,0
443,17.14944987,11.9661407,0
53,19.91664933,19.97926662,0
443,11.25983623,14.5709556,0
67,19.08998513,11.7859043,0
21,16.43126476,19.45057257,0
23,10.2728197,13.93321267,0
20,18.65166142,14.90301735,1
67,17.98283235,16.0326129,0
23,13.98996442,11.32503413,0
22,14.03389585,16.31728889,0
53,10.43030275,14.65029168,0
68,15.15662553,13.57325721,0
53,11.73208498,18.76310061,0
20,15.71360383,19.00333747,0
22,13.01040867,15.41432148,0
21,19.64023514,19.85584926,0
67,10.67015326,16.62056611,0
23,15.56241855,17.59291229,0
67,15.58071769,15.71858815,0
68,12.41844121,12.33259908,0
21,17.0821585,17.44317865,0
53,19.88886432,18.53374949,0
22,11.44346886,14.01719954,0
53,15.41808855,15.55084354,0
20,10.04040352,18.11460923,0
22,12.72328193,18.88078017,0
20,19.48075227,16.46250598,0
80,10.9743436,18.42117047,0
20,17.44547198,19.35523997,0
80,19.56851882,14.80979061,0
67,12.00015399,18.05123833,0
22,14.48564242,12.9626344,0
53,13.23156773,12.86783688,0
68,14.30190698,14.14238113,0
68,12.4043534,18.71189549,0
443,19.57422839,10.95440478,0
443,12.05464028,12.6176018,1
80,10.47612255,12.20835351,0
68,13.19619549,18.50670452,0
20,11.34233062,11.50471904,0
21,16.79612748,14.46800876,0
443,17.19404531,10.83709252,0
21,14.0430867,12.95194109,0
443,16.20694854,10.62423808,0
68,16.07422357,14.67232611,0
80,15.90468523,11.41179624,1
20,11.78660322,18.7074828,1
443,13.85296274,13.30307867,0
53,11.07980351,11.87952992,0
53,19.94032009,18.87081728,0
22,11.53145451,16.62045991,0
68,13.89451388,10.84961607,0
68,19.73125829,11.44222921,0
21,12.98636987,12.4134941,0
22,16.17492143,12.05657022,0
67,17.1852821,13.41864726,0
20,15.51059197,16.56029187,0
21,16.85256466,16.36951948,0
21,15.16645123,12.0040136,0
67,15.36736463,10.57959575,0
53,18.64216279,19.72466879,0
23,17.56861934,10.47021691,0
20,16.81045497,13.40719461,1
68,15.43502192,13.44676773,0
23,11.97339241,13.60929858,0
20,10.27886957,11.24877982,0
443,15.7005388,15.11979557,0
53,16.82100242,13.61004596,0
20,19.66188307,13.392363,0
80,15.11878957,15.62512037,0
21,16.71298747,12.64784058,0
53,16.4416076,15.41383493,0
20,15.44059782,16.25969001,0
20,19.67642652,18.52293334,0
23,19.1365882,14.17379404,0
67,12.70438603,12.93463585,0
21,18.1491562,15.56352878,0
23,19.93452275,11.6208012,0
21,13.52486711,12.51135638,0
68,17.87138331,10.18345133,0
21,14.84525069,15.89764472,0
21,19.80175633,13.12775119,0
21,18.03877238,11.12774901,0
68,14.06652147,12.89254864,0
23,15.91199518,17.98456776,0
53,19.7517211,14.04655898,0
80,10.02831496,14.02489629,0
80,11.80909288,12.86793356,0
22,11.99378461,13.660026,0
23,15.86298099,15.97421483,0
68,14.43628134,17.75724847,0
23,18.30233789,13.77183633,0
21,19.83961076,16.09535358,0
22,12.22496393,15.01661011,1
68,18.19610455,13.22651515,0
67,16.46416435,17.34623423,0
80,16.25602357,19.21027583,0
68,13.15499032,12.21748314,0
53,15.07779614,16.95246844,0
53,15.56215369,16.99765016,0
80,13.74169001,13.03793619,0
23,12.34880646,17.22473766,0
20,10.69541395,18.82382867,0
22,14.46007047,13.3680967,0
23,17.33426063,13.1125462,0
21,15.32151915,18.89882436,0
21,12.07678212,18.6539351,0
68,17.81376103,10.53958342,0
67,15.56848677,17.54601037,1
21,12.23187292,18.07690628,1
20,14.59979956,12.90411054,0
20,11.33314015,12.13564426,0
68,17.17000829,14.78653566,0
67,19.2180067,15.60288211,0
20,19.25958937,19.37541116,0
23,11.10868162,15.32475589,0
443,12.26076928,18.62514689,0
67,19.31573205,17.23867282,0
67,16.96132621,16.65053985,0
80,13.29760528,11.23491716,0
22,17.40949678,19.57374772,0
68,13.57526685,12.94757475,1
443,13.25028266,12.20740105,0
22,15.10063246,18.7697537,0
68,17.94393478,18.03486645,0
23,16.93119709,17.90840996,0
68,14.20434602,12.99374159,0
67,12.97501023,17.00619739,0
80,19.54130469,12.6791785,0
443,19.64233014,14.03430707,0
21,18.15553934,18.46428276,0
53,18.83797047,18.52252349,0
22,17.23658371,18.53483443,0
20,14.12901509,16.06481656,0
21,16.90666235,12.78293884,0
53,18.9701459,18.4518033,0
21,17.37291692,13.85010627,0
22,18.47069718,16.39423016,0
20,10.72451559,18.73331124,0
443,11.82847348,19.32421765,0
21,13.45756935,15.88261796,0
21,19.37864936,17.9172817,0
53,10.14442992,10.56041221,0
443,14.92873988,14.01446962,0
68,16.48860536,10.78290578,0
443,16.66219596,17.67952473,0
20,13.96852825,17.41130763,0
67,19.68688617,11.13105962,0
21,15.1821575,16.64090607,0
21,16.55397064,11.87254312,0
53,14.56085465,15.81293105,0
67,13.49816571,11.31790726,0
443,15.99184015,17.66629208,0
80,19.13550449,10.03007187,0
20,13.13678303,11.3874028,0
443,12.59409644,17.5859612,0
443,18.41130604,19.58888001,0
67,12.59903347,14.25347181,1
20,12.66815072,11.12318147,0
21,16.79767941,18.78283946,0
22,11.19059207,18.20267712,0
23,11.0228787,10.56401698,0
21,19.47051305,15.43885202,0
80,19.17970746,17.76592177,0
23,17.81523397,14.70029829,0
21,16.14639862,16.99167877,1
23,11.79145373,15.55736313,0
21,15.80377241,18.07665679,0
53,18.14840639,12.22015074,0
21,13.27609583,11.93076964,0
443,18.01486881,14.70758086,0
67,19.66675774,19.32168228,0
67,19.57672684,18.43545138,0
20,10.49398037,11.58032101,0
20,11.50177107,10.53415038,0
53,10.03859978,17.73882169,0
53,11.60464063,17.76728889,0
80,18.29987339,16.44395278,0
53,12.54851323,19.24025546,0
21,11.35108019,19.53460542,0
22,12.34768762,18.26054548,0
20,19.46323577,14.5771664,0
80,16.04470665,14.02090027,0
21,10.15099857,19.9589977,0
23,19.89726996,14.83759711,0
21,15.76390373,15.13531089,0
68,11.03413092,15.58474433,0
53,14.3201743,17.37499655,0
68,18.76037887,11.25514327,0
443,17.05294969,14.71059765,0
22,13.77491566,17.8126252,0
53,11.96666018,13.40801236,0
21,18.31814329,11.52456038,0
53,13.75994529,11.04045922,0
80,12.19469697,18.28091091,0
80,15.39457431,11.64938327,0
443,14.8174546,11.28678996,0
21,18.55395929,13.8395478,0
22,11.19852234,19.56331923,0
80,10.810535,17.79942717,0
67,12.57120106,19.27379389,0
53,10.07429673,11.44518023,0
68,12.35723039,18.76771062,0
67,11.41413882,12.98380394,0
67,15.43529981,13.43483942,0
443,14.68343826,13.82102548,0
80,16.21778083,17.33254526,0
68,14.96722542,17.22402774,0
20,14.17654306,14.78745555,0
53,15.13574011,18.42909257,0
21,16.8213635,13.27053035,0
21,19.4158298,16.0774312,0
443,16.25645589,11.60936151,0
67,18.37200509,18.71560471,0
53,19.16652367,18.98137351,0
67,19.92010992,12.20167358,0
23,13.3962862,15.43263356,0
20,18.6410977,13.02097731,0
53,16.39409687,13.62782449,0
23,12.42960267,19.82815006,1
68,10.72265616,10.94175365,0
23,19.62431318,16.38083708,0
20,17.2611722,10.51056158,0
21,17.33429097,15.87294304,0
53,16.80304889,10.8630021,0
443,12.42083862,11.66515102,0
53,15.27540197,17.17766082,0
67,13.92137565,16.66828179,0
20,10.24488773,16.63587869,0
80,13.11362166,12.34825107,0
21,12.72439768,13.84603047,0
20,14.10832888,16.91408055,0
21,11.48637568,15.41098543,0
22,16.01874597,13.54784206,0
68,14.82014795,10.43057546,0
443,14.52669042,17.09416409,0
23,11.63374219,12.8771873,0
443,12.56744775,18.05361949,0
80,15.39750751,11.54873665,0
22,15.18402266,18.18574634,0
22,19.8111569,13.03674555,0
67,14.42369269,12.81902832,0
67,12.73809742,18.52482721,0
22,19.90487365,13.60542361,0
20,12.48680246,19.77407724,0
23,17.42952538,14.06622963,0
68,18.74421643,12.74341007,0
80,15.10271295,14.53728972,0
21,17.09108699,18.74973976,0
23,15.66296866,12.65933812,0
23,19.00002065,11.82219029,0
443,17.42255527,19.87359117,0
23,18.28807629,14.67237641,0
22,11.22211495,17.86272403,0
80,16.43870702,13.42036066,0
67,12.90457574,18.36734067,0
23,14.82674811,17.73474824,0
20,13.58588268,19.62438711,0
20,11.42092338,19.40921168,0
21,12.89217728,18.62888941,0
21,16.34683065,16.07616946,0
20,18.83401236,17.30280407,0
67,16.56314952,11.37018946,0
22,16.57777254,13.81116636,0
67,10.165502,15.564439,0
443,13.75993158,14.35129382,0
53,18.46408913,12.33419913,0
80,10.54506511,15.15436934,1
80,11.59042285,11.65802548,0
53,16.15341364,14.72340124,0
68,11.10565341,18.74031098,0
68,17.63913571,19.93471277,0
21,13.44544964,15.22334492,0
22,13.0895946,16.66546833,0
80,13.39960854,16.59365361,0
68,14.73897726,18.10078518,0
67,18.78755401,15.88995952,0
80,11.9283344,19.51485544,0
21,18.75913825,13.66152413,0
20,11.87700594,12.40611588,0
20,18.31220136,10.60300871,0
67,17.51646717,19.83422105,0
20,18.670522,10.34899886,0
80,11.95181315,16.87417762,1
443,19.18201783,11.05929022,0
80,14.21366853,14.19439366,0
22,13.23966066,16.8371425,0
80,10.88397676,17.99094855,0
68,19.42432006,16.43756259,0
21,11.14651756,11.69912568,0
80,15.06523192,12.69666194,0
22,18.10225599,10.89024045,0
22,14.03224897,17.99321018,0
23,13.78111475,10.87196637,0
23,19.34511627,11.55504444,0
23,10.06903536,17.24777887,0
21,12.7567459,19.69946665,0
21,15.48987565,13.72962051,0
443,14.48849875,14.00122097,0
67,16.01991583,18.85690701,0
67,15.10740122,15.63181009,0
53,13.86531024,17.45542874,0
68,16.13826344,13.03273814,0
53,17.11437913,15.84632094,0
20,16.69794316,19.81679087,0
21,11.01298367,12.13358938,0
22,16.83616216,13.50864508,0
20,15.60969627,15.64113462,0
80,15.60844574,17.00145947,0
80,12.49665741,18.34025943,1
21,12.8177785,14.77101983,0
68,11.12083093,13.2165134,0
20,19.59900563,14.64498508,0
53,10.15317588,10.44220862,0
22,15.52877486,14.03325101,0
68,14.10514948,15.32734415,0
67,18.166791,13.65294653,0
21,14.89991199,18.74669272,0
22,10.82112307,11.34892951,0
68,19.75394577,13.86303146,0
53,13.01082469,18.38724569,1
80,18.00874099,14.26561623,0
20,13.64057784,13.87352117,0
443,17.58754276,13.97675211,0
53,11.80008327,14.74910519,0
21,10.84575899,17.83674767,0
23,18.69109017,17.18076815,0
443,13.08674723,17.02098073,0
68,15.17211692,16.35349518,0
68,12.33559646,11.03193915,0
22,13.99492447,16.73855981,0
68,15.43216772,19.82434344,0
20,10.26376573,15.28889384,0
443,12.34811244,13.89654363,0
68,18.40615682,15.20682484,0
53,19.33486114,13.90232626,0
53,19.40122933,14.72646741,0
53,11.22157293,10.81420513,0
80,19.31919699,14.11968489,0
53,13.94951398,19.87292221,0
53,12.30400245,16.59414133,0
67,14.52572511,14.05444525,0
22,19.18226865,10.29361257,0
53,15.27486792,11.51888887,0
20,18.64462916,12.34202791,0
53,16.73750391,13.24443499,0
67,13.65537831,13.00135166,0
68,11.20576391,10.38649622,0
443,10.44649014,13.77261815,0
80,12.74990881,14.09760839,1
21,18.44288262,19.09246075,0
23,18.91935616,15.62634094,0
80,17.23211984,17.35656724,0
443,16.37336987,12.16245172,0
68,18.06035342,14.45338613,0
22,18.74693591,15.21776199,1
67,19.24276012,18.43439724,0
443,12.61611243,10.7690165,0
22,17.50464705,12.35134889,1
21,13.84136712,10.1594012,0
443,12.54846661,18.98010336,0
20,14.68307726,14.1192467,0
20,18.35351274,12.45963033,0
68,13.52716383,11.18066804,0
21,18.47268213,10.47030507,0
21,17.78877422,15.62536076,0
21,11.67336058,11.76463439,0
80,17.57887219,17.47253369,0
20,13.55145068,16.41739846,0
21,18.06220927,17.83379659,0
68,19.24740563,11.00872648,0
22,14.39784268,13.54575006,0
443,16.96520568,18.73958052,0
67,12.3163587,15.25147006,0
23,17.14123852,17.15321979,0
67,14.71688222,12.62837325,0
21,12.06494836,18.70860978,0
68,15.24079525,11.65091002,0
68,16.96871503,12.97892424,0
22,18.06647397,12.51970025,0
67,19.35731292,17.00561337,0
21,14.34164486,17.18740979,0
67,14.04860321,19.30654207,0
443,10.14156191,14.85098015,0
20,11.81672903,11.47675372,1
53,15.18560042,15.70199664,0
21,18.69049539,18.91558477,0
23,12.90748511,14.36369077,0
68,17.92344249,18.12596154,0
443,15.91017263,12.12556727,0
80,11.25018608,12.01499998,0
80,14.59004442,10.40163493,0
22,19.86411583,10.75050078,0
21,12.96683372,16.87813521,0
67,12.08774888,13.92862778,0
23,11.74377679,16.22511244,0
68,18.26629733,14.25380986,0
443,10.04404878,16.48804353,0
20,19.30411392,15.9978792,0
23,18.70062805,15.131009,0
22,18.08770325,12.13170415,0
21,13.16515718,12.20510448,0
443,13.06433987,12.97956077,0
21,11.08688723,15.10797034,0
22,15.15608457,10.96102316,0
67,18.8674219,11.45603747,0
80,17.00440982,19.73786729,0
21,10.08654743,12.6174845,0
20,13.66050163,17.2035071,0
21,17.89000793,16.8121269,0
21,10.78359706,13.3156047,0
21,11.15424421,14.39408963,0
68,19.06504566,17.96676643,0
67,15.39318695,18.75827509,0
20,19.28641517,16.07148406,0
20,10.43448737,10.78170217,0
67,11.23244136,19.30676042,0
67,15.16913159,13.31605523,0
68,10.6182464,18.37455468,0
68,14.56774718,13.68836066,0
68,15.29698007,16.63356045,0
80,18.40358671,12.87018166,0
23,12.14320639,12.10788074,0
67,15.90898837,12.28040534,0
21,17.96017219,18.74867181,0
22,17.13201414,11.99517878,0
443,11.32921291,11.29827046,0
23,13.72301753,10.6979592,0
22,17.89145962,17.14525726,0
23,17.43308884,14.41034771,0
20,11.7682944,11.40088398,0
20,16.43423554,16.63434648,0
80,17.81206205,19.87801057,0
67,18.00182259,18.69248568,0
23,15.73697041,13.08232712,0
20,13.42498947,13.74593457,0
23,15.79744899,14.44008989,0
68,19.8435977,13.45083408,0
21,13.67652535,18.16573052,1
67,10.26663223,14.83669262,0
68,13.92882022,10.87630045,0
53,15.31295589,17.40162275,0
68,17.199879,15.26876203,0
68,13.66893321,13.79153241,0
67,17.38536439,15.70212538,0
68,17.25848069,19.42925387,0
53,10.09366783,12.39241052,0
21,18.60439452,12.5671898,0
443,19.98841972,19.71362344,0
67,18.36304873,11.00229491,0
53,15.89089786,17.62700258,1
68,14.7562036,16.89310515,0
20,12.07977265,17.90578754,0
22,12.09079269,14.11560311,1
21,16.8888513,14.74724396,0
23,14.90597819,17.45861769,0
21,14.41071308,11.54206613,0
20,19.69810122,11.65637983,0
21,11.09662842,14.32982326,0
68,17.85182941,16.7979442,0
67,19.86608177,15.88783296,0
53,19.21719976,13.91719227,0
21,18.73213114,14.73970724,0
22,15.59524825,12.3886972,1
22,19.38811719,17.98664799,0
80,17.8870665,12.48750934,0
80,11.84283908,10.42973282,0
21,19.85028247,14.24814682,1
67,19.53555773,10.46789236,0
443,17.48695809,18.49229194,0
21,15.31330502,18.97266978,0
20,10.05475081,13.7396343,0
443,19.35801757,17.44083975,0
23,11.01371689,18.5549675,0
21,10.61303874,10.14095046,0
443,16.85532254,10.24810486,0
21,17.41995603,11.02258217,0
80,15.18196808,17.10494393,0
68,10.64639535,18.27010364,0
22,19.09179851,16.8361683,0
20,13.40974188,11.825705,0
443,10.16657812,18.89877236,0
22,11.2730643,13.48765509,0
67,16.59184693,16.36645094,0
80,15.88015325,17.27052603,0
20,17.42080989,14.81326151,0
80,19.60524524,13.07840305,0
53,13.52001705,17.70537397,0
21,15.45753182,16.34690826,0
67,16.30900992,16.08452435,0
23,19.83831173,15.70358688,0
80,13.42591973,10.70885902,0
22,13.21257089,12.433958,0
68,17.9414576,14.37513718,0
21,11.78670103,19.80392532,0
80,12.34385426,18.41433437,0
21,13.25638034,17.75184069,0
23,13.18855037,13.08097817,0
68,16.5250363,12.00188284,0
21,15.54110975,11.77087093,0
53,17.37299708,11.40497993,0
53,17.30111823,19.59298199,0
80,19.50002676,10.28562341,1
53,10.1104372,12.55464683,0
443,15.7791908,10.012684,1
443,15.47064222,14.44852225,0
22,12.00896583,12.72682983,0
23,10.96555103,12.55871957,0
21,12.70976422,16.91108363,0
23,14.86275825,13.61148931,0
68,13.74701624,11.98968208,0
23,17.52003771,13.25242411,0
443,15.39527109,14.73346493,0
23,14.98824899,11.51241406,0
443,13.22155671,17.96931717,0
21,16.87497515,17.98640529,0
53,18.34929051,19.8908726,0
21,15.47514687,12.8087657,0
53,11.5418644,10.87129863,0
23,19.76084192,18.96219751,0
53,18.43810588,15.68270307,0
443,17.36798446,16.18061324,0
67,11.75570592,11.69164097,0
443,15.52745644,15.23843246,0
23,18.61801507,15.07499375,0
23,16.10013645,17.45633582,0
68,16.18275519,10.00293493,0
67,17.52901595,15.34984314,1
80,18.14180559,16.3168239,0
443,17.52240056,11.3775851,0
21,18.08668908,15.99272708,0
21,17.80425793,10.05571447,0
23,16.53765575,12.23851157,0
80,15.39118854,17.43217072,0
443,10.9745999,10.18848708,0
20,19.68884744,15.37514641,0
53,11.30658325,12.98486127,1
23,14.22371315,14.83703166,0
68,17.5461028,13.84892367,0
53,11.64556094,15.96738412,0
23,10.46681478,10.08142372,0
53,12.60959822,14.09159375,1
20,12.13172633,15.16633221,0
22,17.16575921,11.55444052,0
443,11.37088967,12.47536137,1
22,15.01999309,17.86981056,0
67,11.98735675,18.30306348,0
22,12.40533963,14.58855224,0
22,16.93780013,10.13090248,1
23,11.63527584,16.97809204,0
21,16.28879139,16.61032389,0
80,13.15894204,13.88271161,0
20,18.00387005,17.50562707,0
443,10.0819018,12.42001697,0
21,11.56442669,12.98621444,0
68,17.57271775,15.87796618,0
22,19.97450889,13.39666616,0
53,18.74798342,12.69677624,0
21,13.68185523,19.70665027,0
80,10.31076447,13.16912098,0
22,18.67014246,15.45690351,0
22,13.7973707,15.97702797,0
22,14.21091542,18.43457916,0
80,19.75205222,15.50815199,0
21,11.85722463,18.63816,0
443,17.62382615,14.80872617,0
68,19.98291386,16.95835754,0
67,17.48320736,13.06030827,0
67,16.79099581,17.55078237,0
20,12.14179624,10.01834349,0
21,13.11136171,15.80819477,0
68,16.67523652,12.5973022,0
53,17.87420413,10.49621839,0
22,13.8188409,11.57061754,0
67,17.83342251,15.17502593,0
443,15.55959751,17.62264378,0
443,15.88041464,12.50324341,0
53,17.31804314,17.53262614,0
21,10.93931657,13.26861482,0
67,12.89036092,14.59100111,0
443,17.87407025,14.00046323,0
67,19.75915608,11.69586715,0
443,11.62885975,12.49514112,0
443,16.45859686,10.22162092,0
21,11.64144034,13.37468844,0
21,16.10389217,16.26813847,0
20,14.83652054,17.12652387,1
22,16.53702889,12.30053703,0
20,10.6633481,13.47762391,0
20,19.17436075,17.31838845,0
22,10.74464078,10.21845979,0
23,16.76190894,18.79407335,0
20,15.74709127,12.79973816,0
68,12.39773254,13.04521331,0
443,14.36947175,14.41934928,0
21,15.30652394,11.06591693,0
443,18.15772384,18.31925305,0
68,14.79100138,15.60821126,0
80,14.81620486,15.11535701,0
22,14.86593619,13.25093227,0
20,18.20941239,11.2988561,0
23,17.51349838,16.96752796,0
53,15.89199014,12.18564206,0
20,15.19056755,14.05845987,0
80,15.69448746,13.33402577,0
22,15.25653074,11.97383429,0
68,13.32898302,15.87987471,0
68,18.71786197,18.35998967,0
67,10.65561001,13.71823866,0
68,13.52636774,10.35064935,1
23,17.90423884,16.49518824,0
80,16.28115665,12.5041311,0
68,15.29631825,13.99374181,0
23,17.29072504,14.71951131,0
23,11.35406267,17.56008413,0
443,16.17943811,14.94441352,1
23,12.63098487,12.04260528,0
53,12.71095943,19.59787629,0
23,11.89936503,15.64446283,0
22,19.7998892,13.82013225,0
23,15.1165643,12.8283269,0
53,15.08861337,10.43837316,0
22,17.68496796,18.99426948,0
68,13.48689358,17.61383899,0
67,15.13438736,11.31679357,0
80,18.27608108,13.24118955,0
67,17.47987086,14.74345813,0
22,14.20222581,16.15484898,0
23,13.49117085,12.38077667,0
22,12.32096026,18.80801054,0
22,19.45385123,10.27658843,0
53,14.88104693,19.92885444,0
443,17.52824261,17.76705875,0
68,17.60081534,11.53037169,0
22,13.46267047,15.11008511,0
67,18.91256274,13.19875094,0
53,11.03037409,15.36300449,0
21,14.44921405,11.4622978,0
53,14.81089954,12.88615818,0
23,12.68985857,13.52734338,0
23,15.09846504,16.32363876,0
68,18.09539936,18.75415661,0
53,19.08319428,19.21465266,1
53,19.11209714,13.59014708,0
23,18.87048121,14.50100548,0
443,11.82324049,17.72043429,0
53,11.71134661,18.73194474,1
22,14.89401624,12.61107446,1
20,10.96956752,13.05185361,0
443,12.50275492,15.56794787,0
23,18.9982643,11.77907363,0
20,11.07715867,16.0899909,0
443,12.27636446,17.16088476,0
443,15.42626982,14.30489133,0
21,17.54846822,12.28176289,0
53,15.42428431,11.51143328,0
20,18.02996441,10.6494821,0
53,16.82018611,19.93267062,0
21,13.25229541,17.91038877,0
20,16.23497553,18.84913887,0
68,12.39530613,19.53225402,0
80,19.26348774,14.13067417,0
20,17.95431045,13.89281851,0
20,17.40634169,13.77819964,0
68,13.11155488,12.12540826,0
22,11.67093805,15.15780541,0
443,15.86643882,10.84959699,0
80,19.40941669,10.3498983,0
20,17.26429017,10.52699678,0
80,16.37960771,18.50571314,0
67,12.75833434,11.01400129,0
80,19.16022683,14.43377779,0
68,19.28195138,13.68985975,0
22,16.65913862,17.82940233,0
443,14.98542571,13.25346186,0
443,15.95114142,15.50151587,0
22,14.84330603,18.74459779,0
68,11.09016628,10.92927437,0
53,19.06090061,10.14510059,1
443,13.45719088,11.5395382,0
21,16.17463299,16.22042815,1
80,19.78363053,10.22403817,0
80,12.33635134,12.00186058,0
22,10.29785143,19.30133305,0
22,15.91837151,10.53987952,0
20,17.15632194,14.60556111,0
53,16.49535807,19.34997518,0
443,17.08637334,14.95148963,0
22,16.16770171,17.18139403,0
67,10.41087604,16.79990346,1
80,12.33378162,15.75383057,0
443,16.42510039,15.45115372,0
443,16.19825523,13.55882332,0
22,17.93081765,18.29092452,0
53,13.17690222,15.83454425,1
22,18.86302181,13.20811716,0
67,14.09532143,15.37136819,0
443,16.01311729,17.68984496,0
67,16.53634673,18.78985812,0
20,12.63344624,19.44816212,0
20,15.50205036,13.33880776,0
68,13.80866084,17.48355979,0
443,14.02391003,11.72938433,0
443,11.08436392,14.92963567,0
22,15.30345213,10.40495185,0
21,15.76202129,16.16216343,0
67,15.93468952,11.49565108,0
67,17.79286767,10.86265074,0
80,12.58084899,14.88439318,0
22,10.88002733,18.31407742,0
443,13.18858636,11.39214841,1
443,19.59012344,15.51259758,1
21,14.20291071,16.24428719,0
80,13.00212108,13.18854998,0
80,10.19001754,17.32850256,0
68,16.42904353,11.82164123,0
80,13.72613673,11.12293587,0
53,13.84414583,10.56846095,0
80,16.08389402,12.4911358,0
21,12.01476193,11.32910737,0
23,17.23948968,10.18025799,0
80,10.30986711,10.68810616,0
20,14.79563688,12.33216202,0
80,12.61524828,18.49726908,0
68,14.04891471,14.10029298,0
53,12.32716803,16.79195987,0
53,11.33411813,15.57791854,0
67,18.38545923,19.61393857,0
443,11.93283128,11.44442948,0
21,17.18339224,18.18667781,0
21,10.70487495,11.57091515,0
67,13.03170454,10.12084537,0
80,18.15411761,13.74645582,0
80,15.12770892,16.86616613,0
22,10.26640643,12.79608115,0
20,12.33385989,12.8049146,0
23,11.24422959,15.09234356,0
80,12.63662861,13.77358287,0
53,13.8844062,18.67828666,0
67,14.82356496,10.37645242,0
53,16.82521708,13.52614162,0
23,14.23301696,12.5904643,0
22,13.20122922,11.32583658,0
22,10.67219044,16.81537518,1
68,10.31264163,11.3252844,0
80,19.22423724,16.84272692,0
20,15.04357742,19.37411972,0
21,16.38971085,15.25534165,0
21,14.10806233,12.1692334,0
20,15.59261171,14.90446875,0
68,10.34025817,12.74613488,0
67,17.20554991,15.39720786,0
443,12.32745309,18.10695261,0
53,11.90035184,15.64100727,0
53,14.22267963,10.57447848,0
20,19.51876638,10.31277844,0
21,11.67481584,10.43329844,0
67,13.96487783,15.66231679,0
53,18.3772542,16.6106342,0
20,13.77623975,13.56933947,0
443,12.59046759,10.00181792,0
80,12.04658499,16.70699475,0
22,18.3111057,10.16287958,0
67,15.37554278,10.73919965,0
443,12.04414679,12.2662478,0
20,12.50166963,17.97944447,0
443,11.5542287,15.04203417,0
443,18.87984459,19.08932238,1
22,13.93357087,16.44113777,0
22,17.04438727,10.51787904,0
67,18.37018632,12.16228132,0
23,12.98928361,13.80011439,0
20,12.56253412,11.76740706,0
20,16.06914952,12.86831268,0
53,11.07241457,18.13261031,0
67,18.27983137,18.54111636,0
68,16.30277539,10.0047787,0
443,18.6763997,19.18090566,0
20,12.48561172,16.73488902,0
20,12.71789981,13.32680343,0
20,17.22949786,14.50788373,1
20,19.46589856,15.57889416,0
443,10.90119239,14.50296765,0
20,19.36454959,13.71937279,0
23,13.91865911,14.3133068,0
443,13.00121101,14.73949533,0
20,13.04779511,10.54872179,0
21,12.56653987,13.67759422,0
67,10.54359873,12.76553953,0
443,13.09039152,16.1783498,0
68,19.97643326,17.95779881,0
22,10.08276089,15.38375109,0
67,13.67597634,13.0593335,0
20,14.68082788,11.23660236,0
53,18.85731418,10.31260975,1
21,10.81831575,13.71038037,0
68,19.87174907,11.07997018,0
22,11.45033002,18.73116677,0
80,11.61549464,11.41016027,1
20,13.48521129,11.46640195,1
80,16.08412044,12.92076468,1
22,17.08286979,13.17859179,0
68,10.85808761,12.30093794,0
68,17.10187476,14.32016037,0
80,16.00328758,17.8462642,0
53,14.77067814,19.70191396,0
443,10.07472886,11.57373526,0
67,16.28855607,17.58558356,0
67,11.46119205,14.15208837,0
22,16.48250258,12.14173532,0
443,18.20747897,12.31690147,0
80,17.25014681,10.19300317,0
68,19.06043402,14.91503451,0
23,17.34347268,11.16713493,0
23,10.12450161,10.57617989,0
22,18.32991759,17.79925094,0
80,10.49496999,18.45747613,0
443,11.5942082,19.96482286,0
443,11.2125284,15.64663882,0
80,18.5099315,11.48744394,0
23,16.19079436,12.98023384,0
21,14.76575905,11.48591635,0
21,13.09780488,16.8459941,0
22,13.02319758,13.16927774,0
21,13.2357009,14.81684019,0
22,14.62633934,16.27362427,0
20,12.07894649,18.2793945,0
53,16.84198591,11.6075891,0
68,14.91134265,11.30749807,0
22,14.95679424,10.36729488,0
53,10.47518418,17.97736282,0
443,10.99894274,18.88621979,0
21,12.49042268,16.54892572,0
80,15.76615817,15.21144334,0
80,14.67884499,13.78199,0
68,15.5830719,17.98934076,0
68,17.00643427,13.02794353,0
53,16.38823459,12.37726869,1
67,13.89917491,12.98035113,0
53,17.8251083,18.69730834,0
68,11.79641215,11.70819416,0
21,15.59659464,17.74267577,0
22,12.86726516,19.82351154,0
68,19.47328187,18.69809186,0
443,13.30094103,17.02571401,0
53,11.22645533,16.86116567,0
22,15.40149751,14.31687781,0
80,18.033367,14.54805253,0
80,17.88157804,17.85735753,0
53,18.86015114,13.13658912,0
23,14.71902526,17.68654373,0
20,13.59786501,14.97954184,0
21,12.60128462,10.38064901,0
22,11.22395616,19.44988423,0
53,19.26123713,10.71200126,0
68,12.77306197,16.32048336,0
21,19.03925736,10.36686909,0
21,17.83658257,11.94749564,0
68,17.62364432,18.77803338,0
68,19.0538633,11.35505573,0
22,18.79668523,12.80768278,0
53,17.0570693,14.86494256,0
53,16.97322158,14.16105654,0
20,18.38890731,11.21697653,0
20,18.36255841,12.83538469,0
53,14.974718,19.28084927,0
80,11.64836324,12.20197425,0
23,18.40543269,17.11971038,0
20,12.76938323,15.99280628,0
23,11.23772583,19.17219013,0
80,11.23556628,18.51069112,0
22,14.95713015,13.74232813,0
53,18.52800943,15.80463933,0
20,15.06231539,17.31333512,0
53,16.22745716,10.56409094,0
21,19.25668366,18.55353667,0
22,14.23475479,15.99794042,0
22,13.52318116,10.06559087,0
23,19.4368351,13.72667015,0
443,19.07921786,13.46970797,0
20,13.00717167,17.65490628,0
20,16.22658722,16.7490399,0
23,18.38541323,17.37030971,0
20,10.65814041,19.652845,0
80,16.61970776,14.81954046,0
443,13.32777362,16.17252831,0
443,11.96755826,16.78496984,0
67,13.78464586,18.4886254,0
67,15.87286095,18.194496,0
21,12.71565993,15.99459569,0
443,10.34599685,15.18592569,0
68,13.27012653,11.51187684,0
67,13.23470036,19.78891382,0
53,16.72551402,16.05114206,0
23,11.88300694,17.20198262,0
23,15.70313236,12.03073407,0
68,11.30969871,13.84094775,0
21,19.04361221,10.82783016,0
53,10.04977528,12.12815417,0
20,17.06271215,11.4565548,0
68,12.16207867,10.8542384,0
22,13.22448652,18.11955718,1
67,14.23279346,18.10482523,0
23,19.36465509,17.96065846,0
80,13.17888821,13.02235907,0
80,13.25710593,14.54781756,0
20,17.32088262,17.79093263,0
21,14.653832,14.72044274,0
20,18.52642541,19.05635163,0
67,14.77463322,19.79746256,0
22,16.57540848,15.75726381,0
80,10.4319117,12.68500594,0
68,13.68367924,19.49060734,0
67,19.0997991,17.2110171,0
67,14.48680997,12.92926926,0
21,11.13313804,15.77830477,0
67,10.60253166,13.99350261,0
68,18.66326135,10.5687775,0
21,12.14484559,18.66536833,0
22,10.01602811,12.5260432,0
80,11.09496346,11.21299189,0
80,18.15285788,17.87545268,0
68,14.41244656,15.89448305,0
23,10.68911452,12.08390015,0
23,18.14290138,14.47711068,0
20,18.02528784,15.63274144,0
443,13.25609126,18.31027113,0
80,18.26002069,10.8194805,0
68,16.96395955,11.45179937,0
80,14.98193257,13.49045652,0
68,16.05518948,11.42792716,0
68,15.09785951,19.59813264,0
80,14.38845951,16.75807402,0
20,17.12224779,17.87977383,0
21,13.52102216,11.21028543,0
21,13.42937619,13.98342482,0
443,13.08774314,18.51865047,0
21,16.09565242,16.51383209,0
21,15.19039708,14.40111985,0
67,10.67378257,12.2169647,0
22,18.78572973,16.64686773,0
22,11.96135144,13.78139645,0
68,11.09484604,15.84616777,0
22,12.50236981,10.76057588,0
22,13.87414976,18.41788198,0
443,13.87904256,18.03042977,0
22,18.72537281,10.85142695,0
20,17.38028456,13.47752294,0
53,16.51112959,10.56851045,0
67,17.30289339,12.21843582,0
80,11.2265351,18.925857,0
67,10.3278276,14.53716163,0
80,11.57709765,18.7121696,0
53,14.46208387,14.37448685,0
68,14.50014152,18.12488088,0
23,11.11519377,19.98118767,0
443,17.92614155,17.99846726,0
67,17.22748875,13.55800697,0
68,12.8564293,18.72899303,0
443,14.02014997,15.0069863,0
68,12.08843307,17.51240487,0
67,19.23585883,19.45267755,0
21,16.15012639,15.52905674,0
20,13.04717668,15.31513621,0
443,11.53014144,18.24252503,0
80,19.12564346,17.25193137,1
20,16.4427911,17.41714004,0
23,13.84957546,12.58553288,0
67,16.37684726,13.24017772,0
68,10.41162817,11.30377586,0
443,18.20946134,13.85612889,0
20,16.45772236,10.46758777,0
80,13.081625,19.38175009,0
80,15.55778847,13.586636,0
68,13.97717656,10.23098838,0
53,15.42207237,14.46426197,0
23,10.11725142,16.15797214,0
443,17.73578855,19.64422567,0
80,17.77309131,12.55194642,0
53,15.21470936,17.04692665,0
53,15.08419862,19.85693653,0
53,19.98022688,17.70589901,0
67,10.03012805,16.59129512,0
443,10.81763946,12.53315671,0
53,10.71872155,17.6303565,0
20,13.42898019,18.10974164,1
23,15.03327002,12.59129041,0
68,11.83111357,12.0137978,0
68,13.68089696,19.3332206,0
22,17.84435186,13.72405614,0
21,18.16281267,12.70803872,0
443,14.80521378,19.89873469,0
68,15.14874591,18.22413628,0
80,14.19663989,18.18355444,0
22,13.85320145,19.53494867,0
67,13.62270995,18.3685988,0
23,16.26761028,10.10284606,0
68,12.76954675,17.87465582,0
23,19.66703558,17.60056541,0
20,13.40542914,10.03527157,0
67,11.84656408,16.30237567,0
53,13.03096258,17.5126686,0
22,18.10795997,16.16477477,0
443,15.26236678,17.86582572,0
67,11.44265122,12.78588751,0
80,11.29182539,17.68368421,0
67,18.14991783,16.26604017,0
21,18.28843032,11.80598691,0
20,14.95053039,12.33096226,0
67,16.77391976,12.90227293,0
443,16.11827964,10.83681609,0
68,19.65518085,16.48165502,1
21,13.41134868,10.20021373,0
21,12.14954602,12.39286579,0
20,16.48424398,18.55075662,0
53,14.41471373,13.23418048,0
22,18.17418986,14.43262903,0
21,12.64675488,17.92467547,0
20,10.43748063,18.51645953,0
53,17.5027195,12.30445841,0
21,19.1110256,12.41942806,0
443,15.15623757,13.13558522,0
20,10.51793404,19.42737983,0
68,12.95190598,11.72851246,0
21,12.81681777,14.05886366,0
53,13.39597215,19.71552774,0
68,16.54823432,11.27097017,0
20,18.6057789,19.99097815,0
20,13.24389392,15.72787637,0
22,12.42888264,13.12941434,0
22,11.92310448,15.56977395,0
53,15.27259775,15.38828541,0
23,10.85710043,19.44883007,0
68,10.13653849,15.41300611,0
23,19.9579331,14.06386167,0
443,13.49985914,18.58190543,0
80,15.19755846,17.75119663,0
23,11.56210541,18.15080683,0
20,18.3052099,11.06755585,0
23,16.8068567,11.71482732,0
21,11.73897658,13.62672378,0
20,16.22801934,16.64370797,0
53,11.90731508,10.00707955,0
22,19.81238047,13.68462206,0
443,10.78005239,11.24024526,0
21,10.73789474,19.88372915,0
20,11.09326249,17.68589032,0
21,14.83819847,15.48390771,0
21,18.35111044,15.23500587,0
22,14.7921335,14.78622892,0
21,15.35327988,13.95552752,0
23,12.48479716,11.01252326,0
68,18.15438719,11.95585758,0
80,13.63915242,10.94520784,0
20,19.84692878,18.77955563,1
21,11.46359835,14.68569908,0
443,16.11335463,17.87331476,0
53,14.35652365,18.33690283,0
443,19.06389216,11.22810205,0
23,15.45882769,15.70008992,0
22,16.51029358,10.39428601,0
80,11.68171076,17.98546851,0
80,16.67676885,11.68018092,0
23,10.79278152,15.41136339,0
23,18.01253655,11.40362022,1
20,15.96297581,10.27473336,0
443,10.67431473,16.63539419,0
22,17.41356523,12.22238918,0
21,10.58358119,15.71894316,0
53,12.76101548,19.97145791,0
68,15.89840325,11.10564223,0
67,18.2863137,14.0323749,0
53,12.75419028,18.01308084,0
22,18.52193163,14.58278917,0
20,12.83551041,10.80871388,0
67,14.10215701,18.17290229,0
53,18.40128017,11.35654301,0
68,12.52313201,12.07138629,0
21,15.85821089,10.82958214,0
23,12.78969523,13.90390698,0
80,15.83311023,17.63524729,1
80,18.2290289,14.27881131,0
68,12.25382037,18.93874397,0
53,10.17775442,13.82688198,0
21,19.55598649,15.63253518,0
443,19.39798266,14.78985373,0
80,18.68561735,10.26043801,0
80,15.84527778,14.35338182,0
23,15.66316073,19.2434042,0
80,11.35756961,18.04714844,1
443,19.21943992,14.10648703,0
21,12.33558675,19.66815883,0
80,14.62037152,11.87125356,0
443,13.59516416,13.24445555,0
80,15.32526964,13.4955949,0
23,18.15151273,10.26015289,0
21,17.31282673,18.74078276,0
67,12.03818625,18.54020125,0
443,10.25115265,17.04770957,0
443,11.61729893,18.12416638,0
68,10.77036427,13.46510324,0
23,12.80380371,17.11772657,0
53,17.03761795,14.06709693,0
23,19.24170589,19.72874626,0
443,10.29910885,16.54784231,0
53,11.22651973,12.34221092,0
443,14.55302084,11.84613555,0
21,13.12863211,17.43722357,0
443,19.3108493,13.24844894,0
53,16.09966651,12.36979434,0
20,18.71139369,11.20397252,0
68,15.78827957,11.85550577,0
20,14.27461462,18.56313915,0
21,13.82334935,16.76859441,0
67,18.3775193,18.59562351,0
443,10.19510804,15.52150502,0
21,16.71854619,10.09945582,0
23,11.50843086,10.96619388,0
20,16.94073866,12.52242435,0
22,19.16555924,14.07868993,0
443,18.82208285,13.58922596,1
80,19.20927841,16.37674377,0
67,16.63211653,10.4674842,0
20,18.79870758,16.41822283,0
443,11.83358103,14.34067223,0
20,10.21191304,14.90152043,0
20,10.13632623,12.52080589,0
21,13.12813925,16.69166818,0
21,10.87916282,16.91220447,0
20,15.10212355,10.89638974,0
68,14.43672099,18.75226666,0
443,11.69029081,11.97642016,0
80,14.33370854,13.20403967,0
21,16.0034676,17.6545005,0
67,14.54021734,18.00165879,0
53,17.98786951,17.66338849,0
21,13.10162409,15.1461882,0
20,17.78815832,12.42130028,0
67,13.87183858,13.64637925,0
22,10.5766134,12.29726257,0
67,13.46582397,14.32219187,0
20,12.39690113,10.87479221,0
22,17.10479704,14.21576288,0
443,18.66385872,14.38148129,0
23,12.20153257,17.13898042,0
53,12.82557046,18.62884638,0
80,17.13053433,17.9057936,1
68,10.86425307,11.33110209,0
80,13.79935262,11.8575936,0
80,16.65506016,17.01828207,0
21,18.12068603,10.77885945,1
53,11.66404997,19.57298279,0
443,12.74729293,14.61683238,0
22,11.54227058,16.95363396,0
68,10.38744787,17.53729204,1
80,15.85567887,14.0973632,0
68,15.28326514,16.35036338,0
21,10.3201281,14.47737355,0
80,10.16240374,19.37187015,0
67,14.61845662,10.34004705,0
20,18.26890382,12.47576538,0
67,19.93965412,15.91665384,0
21,17.47828656,14.13467645,0
20,13.88381478,14.05199332,0
80,18.84946655,11.59744864,0
21,12.22848928,11.52700765,0
21,15.40902525,14.49447847,0
68,13.11538768,16.18572098,0
443,18.96714151,16.59365356,1
443,18.84245497,13.32283655,0
20,16.47655476,15.32639024,0
67,11.21008515,11.0279997,0
53,14.80704998,14.59731757,0
68,12.2221385,16.35293368,0
68,17.72801536,14.90037187,0
22,14.96510346,13.40556764,0
67,10.38101577,13.28680832,0
23,18.67845945,14.78928317,0
443,18.89976029,17.6640968,0
23,19.75140206,16.137558,0
21,16.58729301,15.12687447,0
23,16.69236538,18.17565922,0
67,17.55144603,12.2376483,0
67,13.90070976,11.56777967,0
21,15.74386729,18.28144056,0
80,10.68790221,17.46649809,0
53,14.89273063,14.0365597,0
80,14.834156,14.01363385,0
23,16.95805237,14.57888738,0
80,14.84362523,17.70311577,0
23,13.25011361,15.96822271,0
21,18.07454033,16.11767652,0
80,15.66159152,10.63206343,0
21,19.92277238,16.94558643,0
68,12.39706095,18.3651159,0
20,16.60286245,19.02551551,0
21,10.8713669,13.76912301,0
23,17.97750973,15.94807902,0
67,17.04024011,10.972847,0
80,19.42247891,10.09173768,0
67,10.09020832,10.16652768,0
443,16.33689171,18.44650699,0
21,11.93387829,17.82353014,0
443,11.468115,15.44121779,0
80,15.27612599,15.98422671,0
22,17.00987669,15.53182697,0
21,11.70957492,15.50518333,0
23,14.92667084,11.59659512,1
21,17.165023,15.28405164,0
22,15.68629145,14.40604282,0
67,15.66088916,10.69408447,0
20,16.60912852,15.42251771,0
53,10.44579979,14.22600871,0
68,17.73646544,14.4172491,0
68,18.78640331,19.17040036,1
67,16.64691671,15.1454791,0
22,19.04955376,11.69530106,0
68,11.34417054,14.34476918,1
20,10.3608576,12.91956585,0
80,13.94168466,12.333662,0
67,19.67070987,16.30415324,0
68,17.19981982,19.20493438,0
67,19.65980467,14.59468612,0
20,15.69387864,10.10057428,0
443,17.27150172,16.41693402,0
68,11.61319641,15.17941399,0
67,12.56876327,19.06867999,0
53,17.60471563,17.92443474,0
67,13.55788968,11.6613573,0
53,12.76543109,17.57205699,0
22,12.93716631,12.52464562,0
22,13.07667195,12.66761699,0
23,11.5662393,14.91351436,0
21,11.14118624,17.02679098,0
67,16.44556825,15.41098803,0
68,14.25009748,14.53157394,0
20,15.55109682,18.45343029,0
23,16.15565619,13.01156949,0
20,17.66576293,12.16912864,0
67,19.09234988,15.77596234,0
68,19.54074059,11.89445515,0
80,13.9617373,17.43217828,0
67,17.20292297,15.37886889,0
21,12.94896194,18.57473893,0
20,14.80960282,10.6131497,1
67,12.89621828,12.80187282,0
67,11.24477125,11.99864708,0
20,13.32844108,11.08109988,0
67,16.65215054,16.88450209,0
80,14.3254978,15.65711902,0
20,13.22789781,12.50064412,0
80,11.90473642,12.27285828,0
443,16.64891567,17.1369173,0
23,10.99225392,11.39517818,0
53,10.35636425,11.74515278,0
53,18.84132103,15.08011868,0
20,11.13697667,18.00431876,0
53,16.94500451,13.86749534,0
53,10.52103231,11.28800767,0
20,15.08982652,13.38788275,0
80,17.96999851,10.72451563,0
53,15.48417595,10.4589422,0
443,10.44543272,17.44985609,0
21,15.45864896,10.37850024,0
20,14.02635137,10.36932835,0
443,16.20036142,10.83242485,0
67,19.6745571,14.29443099,0
68,14.28392091,15.79577753,0
67,19.25522135,16.63933814,0
20,10.6405789,18.55622634,0
443,16.48842905,19.38614837,1
80,19.50031152,18.74131335,0
53,15.53647783,13.44269545,0
23,11.40536104,17.28017439,0
68,15.90246735,10.79323952,0
21,13.08895403,17.11997312,0
23,12.08546339,11.06918809,0
67,12.63835499,17.73116991,0
68,11.90770922,15.37467874,0
80,13.40440415,12.83534955,0
68,10.98846077,13.84924049,0
80,11.18317555,19.83251033,1
21,18.99821449,16.26603556,0
20,13.76008619,17.61351254,0
443,16.15479043,11.17502506,0
22,15.31012369,17.8797896,0
53,14.7444908,15.45505206,1
23,19.37463911,15.15477789,0
23,17.73376485,19.15808165,0
67,17.51992418,10.25435404,0
67,18.06601967,17.4349507,0
68,12.38747331,19.14463776,0
80,17.44519724,17.56947902,0
443,18.1400189,16.16131393,0
23,17.60766054,14.88481363,0
443,17.74989428,10.84751384,0
68,17.12298291,16.89706814,1
20,16.90170184,15.48165592,0
21,18.54772217,15.35576844,0
22,11.62531962,19.4285142,0
68,16.20645824,13.6536541,0
67,18.95599453,14.79105276,1
21,10.43419775,17.38783339,0
21,18.20876396,10.00999272,0
23,14.05342006,12.77628714,0
53,10.75691597,14.37070163,0
80,15.87228379,16.84303662,0
68,13.78154189,18.58709055,0
21,11.68731144,19.359653,0
22,18.93618154,10.28234744,0
80,13.01234603,14.39591277,0
443,11.30553717,14.79240735,0
20,11.86249554,15.08390861,0
80,13.29767797,13.95362993,0
21,14.28500096,17.0992123,0
20,10.47285304,18.47379061,0
68,18.19448437,12.63432662,0
67,11.50079809,10.22293017,0
80,11.79173942,19.39577973,0
67,10.90489915,15.07051418,0
22,15.96207513,12.22973506,0
80,17.47871204,11.88615149,0
68,19.0639692,19.84084266,0
443,13.64782942,17.63691963,0
23,18.65745376,12.30554844,0
443,14.62084204,13.66889712,0
443,17.00580446,10.63896952,0
21,15.40404322,19.76833491,0
80,12.58557003,16.9915511,0
443,13.30062976,19.84499671,0
443,16.60512248,17.90410286,0
21,15.11736174,17.30233748,0
23,14.88941673,15.98932009,0
67,13.79927425,18.5562133,0
443,13.55051544,12.68235841,1
80,19.56340221,16.88302829,0
80,10.81480276,17.18026511,0
68,18.11583013,11.73148135,1
80,17.0790695,15.21106049,0
68,11.03105446,11.31060857,0
53,16.5857789,18.25796959,0
23,13.72406889,18.93803488,0
53,12.14750297,11.9471838,0
23,13.97316082,16.92340348,0
67,10.81840096,14.2101839,0
21,13.61249746,12.58964352,0
21,13.82063073,17.14487956,0
67,15.42567896,13.37144681,0
67,10.45610944,19.51596273,0
80,19.31811627,18.06447207,0
53,11.10596666,17.73993262,0
22,19.95832987,11.19304458,0
80,17.1479234,14.80951519,0
23,16.73716831,15.06460832,0
20,14.70299391,19.51252746,0
67,12.51505716,10.73170238,0
20,19.51894531,12.42352335,0
53,12.66685647,10.19506051,0
20,10.62232265,15.25967825,0
53,15.24077463,13.21253607,0
68,12.02652121,13.82945775,0
20,11.26236533,11.79518746,0
53,16.90117417,13.8068613,0
67,13.47389844,10.65615252,0
80,11.95582107,12.62066851,0
68,11.55832747,18.79949185,0
21,17.64915999,13.41200088,0
53,19.22769009,14.74638129,0
67,13.46764833,19.09038738,1
80,11.56079357,15.67200663,0
68,14.07853034,17.22943246,0
67,19.2058556,16.28268797,0
53,19.19732286,10.61966202,0
53,11.33835007,10.76585684,0
67,17.46337218,19.20642931,1
21,14.18225493,18.74344577,0
21,17.0517871,12.97078423,0
23,10.15143386,19.72337034,0
23,19.48101676,17.24415259,0
80,19.88888274,12.81182258,0
21,18.33982975,10.54217717,0
80,10.63469919,15.02308985,0
80,15.13734528,14.51584399,0
23,11.4257621,17.10770196,1
23,17.08859091,10.66741962,0
21,18.23778948,16.74654503,0
22,15.76736601,14.5125917,0
21,16.2137075,10.99721091,0
80,17.01708658,15.34845371,0
21,15.05115086,16.42052728,0
23,12.64450156,14.21536748,0
53,18.27073641,13.69735707,0
67,19.69308971,14.78685203,0
22,10.25861243,15.66991441,0
20,11.0831699,13.68929253,0
21,17.8340994,17.83733858,0
23,18.12640551,18.69764063,0
80,14.50656037,18.68171626,0
21,11.771352,10.49169077,0
21,11.53823007,12.5685895,0
53,16.43852005,10.60868265,0
20,11.69949552,11.20901123,0
23,10.6485391,18.70124886,0
80,15.0927454,18.83840084,0
20,17.02914043,14.04640917,0
443,15.38616328,12.0273638,0
53,19.62868794,18.65522136,0
68,11.89526135,16.83651452,0
68,18.42902147,11.21183076,0
21,10.65377271,18.35466305,0
68,14.03718649,17.86087167,0
20,15.53714814,14.84706422,0
21,14.67593586,14.46602306,0
80,10.82403292,18.92998558,0
67,14.32066777,13.45119076,0
443,12.4163596,19.05134449,0
22,12.10149126,17.38706884,0
22,17.15587741,14.18601243,0
21,10.59032278,17.89245944,0
67,13.65322385,15.59033494,0
22,10.25480245,13.58423956,0
23,19.99120742,11.261426,0
20,12.67088337,11.62936743,0
67,15.87949999,19.68532285,0
20,19.05378173,17.34396209,1
21,18.45909533,11.59714463,0
443,14.82076541,11.45332788,0
443,16.18241876,10.40707441,0
21,15.6384427,19.67499143,0
53,13.40639445,18.90267333,0
22,12.85191834,16.98676282,0
80,15.49064877,15.61237599,0
20,13.22508784,17.72841314,0
443,11.02964137,14.96408864,0
67,15.96033278,18.82289134,0
22,11.94286437,17.68116505,0
23,16.36822012,18.76750469,0
53,15.34112318,11.35607406,0
21,17.63060596,19.64250439,0
22,19.62043524,19.87805024,0
53,15.97267469,11.55466827,0
67,10.12300988,18.4741628,0
22,15.36915065,19.3747183,1
80,19.36973133,14.79437344,0
80,15.4457425,11.67222876,0
22,18.97642382,15.33357861,0
443,14.1096038,15.46135399,0
67,18.88186836,13.99471392,0
22,17.60206485,17.36078086,0
67,13.42068236,11.02588561,0
443,18.60511438,14.1169738,0
23,15.00747885,10.34686984,0
68,18.18528036,10.53177543,0
20,10.83102545,16.95569346,0
20,15.1212447,19.97141745,0
67,11.28745392,13.64498549,0
21,12.17609616,10.8510062,0
21,17.62778881,11.41033698,0
22,18.42920413,11.92446544,0
67,18.34575678,17.48823997,0
53,16.15216839,12.91856998,0
22,12.376032,11.68660979,0
21,18.8537946,17.09085586,0
20,18.53282117,18.81607351,0
22,18.04495007,17.72397406,0
53,16.42042204,16.45394258,0
68,17.31771972,15.80422287,0
22,16.18351324,10.95147801,0
68,15.82602908,18.49413721,0
20,16.38963352,15.23277981,0
23,17.30097019,15.87943887,0
67,16.633334,18.00171284,0
21,17.35750961,14.35996045,0
53,18.84776379,16.30677327,0
68,11.11867992,14.45564531,0
67,18.69490167,18.73855616,0
68,14.06948691,12.10169086,1
68,17.14319046,14.57075207,1
20,12.06411923,18.41554375,0
22,18.79373536,12.18726192,0
23,14.65013988,14.16556461,0
53,18.02581221,18.06810714,0
80,11.95338009,12.15868373,0
67,13.74556417,14.62082559,0
20,18.98448109,17.49037575,0
53,16.47084317,19.46730138,0
22,10.64050996,16.20499237,0
443,17.65053424,18.79626174,0
67,19.14581731,19.83327437,0
80,11.86323342,18.78258917,0
20,10.59311735,13.27542103,0
20,11.07884435,18.88073568,0
23,15.21454116,11.11957309,0
22,11.54395184,12.59097038,0
68,12.65741144,11.15089908,0
53,18.97248577,15.53933602,0
53,13.42444112,17.14487726,0
67,14.7944844,15.72150203,0
67,11.55443773,11.57154154,0
23,13.14301219,18.98343782,1
68,16.72300996,11.35569846,0
53,17.61619402,16.4124736,0
68,18.07866908,18.72474836,0
22,10.4975057,12.16645104,0
22,17.76509401,16.08052136,0
68,17.36790589,16.99155025,0
443,15.24534475,13.76431342,0
22,17.32793976,12.07635677,0
21,13.53151098,14.94250321,0
23,10.8326534,10.2782747,0
21,10.50227221,19.65869234,0
67,15.46703375,14.39726938,0
80,12.01708313,11.48264401,0
53,16.40085873,15.88891435,0
21,19.80344785,12.25512459,0
21,13.07814853,13.13187062,0
22,17.50379046,11.58447503,0
67,16.9705553,17.66520023,0
68,18.73743493,13.01037452,0
22,19.00315561,17.34676522,0
21,10.65771125,10.68836024,0
53,10.02343056,10.34067459,1
67,19.93092984,14.88150324,0
20,10.08364246,17.32526186,0
443,13.71177162,13.10813654,0
22,10.17409083,14.05968359,0
53,11.6924261,15.6388042,0
443,18.94430547,19.43917423,0
80,16.35418586,18.23901939,0
53,13.60655354,18.32028759,0
53,10.56285944,10.9006998,0
80,11.83012388,16.28296367,0
67,14.69851097,10.55270656,0
22,11.02809624,13.1925133,0
21,10.09516436,19.05762024,0
80,15.00222133,14.85043742,0
67,12.45138184,14.06017847,0
68,19.44617352,17.48986742,0
443,13.83094754,16.81684318,0
53,19.72060811,12.45491441,0
53,12.258397,13.92493331,0
21,11.28538444,13.91919267,0
443,17.44121887,12.69499318,0
67,12.57212564,14.02008382,0
443,17.4674139,15.2919959,0
443,11.78041975,15.96536806,0
53,17.62273536,10.89179701,0
22,16.02979786,16.0647028,0
68,13.41869337,12.19265654,0
53,11.19751001,12.86387129,0
22,17.79679419,11.33044529,0
53,13.22910508,11.1138211,0
443,18.20622828,15.77441603,0
68,15.20509961,15.10803233,0
443,16.15454634,12.28485234,1
20,10.11296382,15.33092386,0
23,18.07611734,14.70182542,0
22,11.45815716,15.10037854,0
67,13.51524271,19.26394768,0
443,12.81279143,12.00719907,0
443,19.6603169,11.51952359,0
80,12.3222176,12.4160509,0
53,15.80497057,10.89487239,0
67,10.79863971,12.69054217,0
68,17.97238786,17.97239245,0
23,17.56688339,15.4890959,0
23,11.20172817,11.88521432,0
21,15.0470829,19.90927771,0
53,17.21114913,18.40959981,0
20,10.37613126,17.39056626,0
23,11.65590955,14.61513705,0
22,17.69910224,18.12750187,0
68,10.85621208,15.7388867,1
20,16.62197859,11.7209179,0
68,19.86872565,13.37107458,0
68,10.74736793,17.57066585,0
23,10.93150432,14.29424057,0
20,18.03919427,19.69491745,1
21,16.600472,10.22441301,0
23,10.39238075,16.83087157,0
23,13.4598682,19.6044605,0
21,14.4507275,15.41796288,0
80,16.53724431,14.89471285,0
20,13.05932425,10.36579946,0
68,15.02382288,17.018748,0
20,18.21225464,15.06231343,0
23,18.86793812,16.28487158,0
22,14.07829205,17.86200083,0
23,12.33886313,14.18864005,0
21,17.00229508,18.54227397,0
53,15.77359029,11.22059181,0
23,17.26945763,12.44074354,0
443,11.19948535,10.17114494,0
443,16.14391354,16.77507807,0
68,19.52679564,17.02238537,0
53,19.93215687,19.66927986,0
20,12.61690866,16.61821974,0
443,14.99350313,13.93886344,0
443,16.18431431,10.42299799,0
443,19.85008856,10.00637772,0
20,14.76120909,19.36274579,0
443,19.55672573,13.95595524,0
53,18.06338344,19.5875593,0
23,17.17989037,17.84763345,0
21,17.21487118,10.43969331,0
22,12.6869804,11.74472486,0
20,17.92100243,16.76033785,0
53,19.44629077,12.07394388,0
22,10.09449931,10.28780872,0
68,19.64287105,17.9664326,0
67,10.24716546,13.61597275,0
68,18.04761555,13.28557552,0
53,10.93476123,11.65794584,0
20,13.65458606,14.00573183,0
67,15.56586279,14.29443461,0
21,18.83193236,13.11251856,0
22,18.29867505,14.18165798,0
53,19.41984407,18.90775098,0
80,14.66635918,14.89249669,1
67,12.66944899,13.75133331,0
67,13.32567071,16.4810146,0
21,11.43485841,13.06946202,0
20,16.86373219,14.97109745,0
21,18.18983694,13.64039649,0
53,10.66045493,17.64646996,0
21,16.81557374,16.61035907,0
67,18.53921735,12.25249446,0
443,19.12072312,14.82138397,0
22,17.35271771,12.43738223,0
443,16.41140268,18.61765678,0
67,19.93999714,16.27457921,0
80,13.94764397,16.12331787,0
23,19.53694015,11.83188205,0
21,10.80757091,16.94651543,0
443,19.50014901,10.09971491,1
67,17.01691916,15.03478817,0
21,17.44624364,18.28938409,0
80,10.65686517,10.75735147,0
443,19.19698692,14.0996628,0
443,11.02041734,16.84026941,0
23,12.28891805,18.6593745,0
68,17.57373177,17.93124836,0
53,12.14004005,16.69192678,0
68,15.33922386,19.93096797,0
21,13.32440534,13.72924658,0
67,11.6740579,14.96144663,1
21,12.81784112,14.21525727,0
22,12.82600503,18.01941003,0
21,11.15132032,10.88805922,0
20,19.5320432,12.55158958,0
80,11.52227844,17.75394379,0
21,12.88200982,12.78230926,0
23,11.66123243,17.933026,0
53,18.84536786,19.4558282,0
68,19.20371474,13.16496779,0
67,17.0969286,19.37718923,0
443,14.57218823,12.11207449,0
68,11.98187796,18.68332861,0
20,16.38233677,16.12843308,0
80,18.53692597,11.54472493,0
68,14.47720949,16.93324782,0
23,12.60388622,14.1048868,0
443,10.44161934,10.36132622,1
68,14.63251625,14.12166868,0
68,17.97500201,17.87249111,0
80,14.98392565,10.00844809,0
80,18.83148854,19.72971171,0
53,18.86384191,19.56281455,0
67,16.82281204,14.92988896,0
68,11.05358435,12.79711641,0
21,18.63771823,10.77640399,0
80,11.365511,11.5607403,0
67,10.41023353,12.13677664,0
22,19.25323675,18.32281595,0
21,19.52678597,15.80581493,0
23,12.49601291,11.03846424,0
21,16.73695954,12.59528137,0
443,16.87356691,17.14805097,0
21,19.7077119,15.65168046,0
20,17.854938,19.1577744,1
23,11.19765869,11.05540427,0
53,18.94491033,14.86906022,0
23,15.65249025,19.73751602,0
68,19.87082613,17.72619805,0
68,11.01275175,16.02758699,0
21,14.31061697,10.13501214,0
21,19.89729739,15.0714919,0
68,18.20493832,10.82901785,0
20,18.35941525,16.57255571,1
67,13.26851636,13.11509018,0
23,15.11536687,18.22754336,0
443,19.71747031,16.57113585,0
20,19.66920292,16.82167091,0
21,16.3639306,17.18595026,0
23,13.87749014,17.97608648,0
23,10.93216386,11.04579141,0
53,13.15464797,14.85493296,0
68,16.39772063,13.12904124,0
23,15.54600466,12.98547694,0
23,18.35160128,11.79684375,0
443,14.71306837,12.92897869,0
23,11.77998587,10.02509057,0
21,10.40966716,18.07971939,0
80,18.7080315,10.43895221,0
20,17.33652559,11.59182554,0
68,14.31042884,12.00778187,0
53,17.3110592,16.89427552,0
20,12.97963996,15.93563183,0
21,15.96541347,17.45600412,0
67,18.58192069,11.41487282,0
80,12.91644582,10.06749262,0
68,17.81354142,17.97044571,0
53,16.40840584,18.4499473,0
80,16.38155595,19.88335476,0
68,12.25774735,18.23057329,0
23,10.68594269,15.24310029,0
53,16.04996162,14.96093077,0
67,13.6202964,18.48919777,0
67,12.25206399,12.72859526,0
68,12.13603788,17.83161414,0
80,13.10225368,11.33189544,1
20,11.8236494,19.96898337,0
53,16.69242598,13.82842201,0
21,15.6103544,17.0151319,0
23,16.38712848,19.17969625,0
21,15.13026369,18.80415213,0
67,13.71986392,12.8731377,1
443,16.46487038,16.80342798,0
443,10.42182992,11.74149324,0
80,11.57468394,17.75871875,0
20,10.57109057,11.43240311,0
23,17.4296526,11.12680342,1
80,10.25209862,15.79975505,0
80,10.12275739,16.69098733,0
68,16.5066068,19.78605036,0
20,12.24441695,17.75673588,1
67,13.92250272,19.15733948,0
67,13.91725799,17.78252424,0
443,12.81171753,14.87829545,0
53,17.25851125,17.75949609,0
443,12.81771082,19.88978858,0
20,16.58011104,17.18064813,0
80,16.75288942,17.96218175,0
67,10.47388761,16.15655513,0
443,16.93381196,15.15458884,0
68,16.42527107,12.51889793,1
22,13.61383106,18.76781503,0
443,16.4180582,13.20376907,0
22,17.80789274,11.11580533,0
53,18.35684797,11.79172778,0
443,18.11487126,16.32228672,0
80,16.21549137,14.25794941,0
80,10.57074138,17.15507326,0
22,14.62742083,18.2418526,0
20,11.58506285,19.44203625,0
443,17.69255843,11.50764237,0
53,12.72165966,14.73872926,0
67,19.68236824,14.09298382,0
22,17.77244099,19.50779557,0
67,15.50631803,11.46666373,0
20,15.18626785,19.09988633,0
68,14.38822558,15.68687319,0
20,17.30266954,14.73467205,0
23,17.06827175,10.44785641,0
68,19.34311958,18.85449991,0
80,11.80654771,16.92833975,0
22,10.05568116,13.46433279,0
22,18.20517852,18.86342587,0
67,17.45319653,17.29294091,0
22,16.60645324,12.95263161,0
67,17.47104149,13.15592722,0
67,18.93615212,14.43695166,0
20,12.41556331,17.3932802,0
53,13.09969191,16.28200387,0
68,17.05362649,14.77932331,0
67,13.73428734,15.94795294,0
443,15.95477297,17.24562996,0
67,18.92685842,18.4734152,0
53,10.0938256,11.17940207,0
80,13.77654364,16.28613327,0
53,15.57269087,10.40874344,0
67,14.73263721,19.71041246,0
20,10.26620032,16.92509802,0
443,11.59891265,12.06134041,0
20,11.66233966,12.92597844,0
67,12.12734187,17.4726457,0
80,13.33796207,13.58634187,0
20,15.79901829,13.71143509,0
22,13.31532477,16.84364369,0
68,16.95732411,14.81755097,0
443,18.03274528,13.00346091,0
68,19.18004353,19.05295978,1
20,14.61907401,19.18854104,0
80,18.15808004,12.98779567,0
53,15.33387468,11.59657964,0
20,19.95607875,17.22486361,0
23,12.1163299,11.01961686,1
80,13.92676658,16.78426766,0
22,10.58470355,17.5005469,0
23,19.04436246,13.03500534,0
23,15.24654174,10.14457308,0
80,19.93074896,14.95698086,0
20,12.75932823,18.33679028,1
22,19.03077904,19.13775383,0
67,13.02369701,11.83200788,0
68,13.05785583,18.93130072,1
80,19.69158957,10.13961209,0
23,19.11254933,15.24696209,0
80,11.30007385,11.54868396,0
68,11.72276721,16.07166278,0
80,17.47313181,19.02560878,0
21,10.08795393,15.82828292,0
67,14.11089552,15.30451522,0
22,13.16072951,10.54731901,0
67,18.72797429,13.74278544,0
443,12.6875282,11.42608639,0
23,14.49191479,13.58234417,0
80,11.05628268,13.59611597,0
22,16.20229401,16.05543354,0
67,12.79863088,12.03743324,0
20,18.85159574,16.05812199,0
68,10.1771422,11.61905725,0
67,14.43868311,12.52013779,0
443,19.26333437,16.06804871,0
53,15.56766728,19.47904625,0
80,10.35573538,11.06957466,0
80,19.2612999,16.72095354,0
67,10.78390789,11.99239557,0
21,14.14507929,14.03170812,1
20,15.80540767,19.04049628,0
67,10.82828564,18.66861755,0
68,19.50258831,17.64065794,0
23,17.77533845,15.12871533,0
67,17.0674053,19.47266409,0
21,10.55504555,13.33867803,0
80,18.13079158,15.39082803,0
22,11.32093802,14.37539626,0
443,11.47737902,17.11104198,0
23,18.42330261,11.19680948,0
53,19.91351296,13.69294313,0
23,12.562865,14.75435762,0
68,14.42206496,19.93090889,0
443,10.13060606,14.28507923,0
53,19.50732897,15.66304793,0
23,11.3654672,16.04637029,0
443,18.18336731,12.51394271,0
80,17.94698761,13.38359511,0
22,15.93189023,11.26328491,0
67,10.69741122,17.044585,0
20,15.83397519,16.47770346,0
23,15.55889205,14.26790624,0
80,12.75409629,15.38182041,0
23,13.72604678,10.54056917,0
68,10.42755142,19.74660519,0
80,10.56061529,17.42599082,0
80,16.79418976,11.04878804,0
20,14.4517302,15.00252391,0
20,14.90113917,19.2746919,0
23,18.39516314,19.64834196,0
68,17.93375275,18.92680748,0
67,13.60576524,18.88586754,0
20,13.36025997,18.63301286,0
68,17.88907489,17.09607342,0
21,17.44828665,12.94130563,0
53,15.52445067,14.8465427,0
53,17.12899944,14.98348109,0
23,18.49546081,10.04486504,0
68,11.21441512,17.16328634,0
23,12.389795,12.06152797,0
20,10.242824,19.34854213,0
53,19.89067042,17.67992112,0
20,12.14621979,19.77874757,0
67,14.20611099,12.4306872,0
67,10.29618421,12.2135794,0
20,15.81199435,12.63586789,0
22,10.61530065,19.8567312,0
67,19.1011187,19.91598356,0
23,11.75697585,18.6498564,0
21,12.92291606,10.63647562,0
23,15.06471838,11.04665711,0
21,16.1651455,16.85250433,0
67,11.74529246,15.7364618,0
20,10.03626876,12.49453088,0
22,11.47003172,11.56858573,0
68,10.30378629,12.20597495,0
53,12.07062618,15.44245326,0
67,10.12036951,19.13257112,0
53,13.76055937,19.37736765,0
20,16.94337298,18.32825159,0
21,19.73381017,11.4356062,0
22,12.69631263,19.71043322,0
21,16.18369943,17.66697559,0
53,10.36336167,11.1813881,0
53,18.40836764,17.03050653,0
21,11.04429661,17.01201533,0
21,15.58085118,17.58118987,0
80,10.12323449,15.006964,0
20,13.83376661,12.03030298,0
443,12.67735501,17.42496068,0
53,13.64678416,14.82320976,0
68,11.07153949,18.84517797,0
53,10.3116947,13.53992594,0
21,12.75982038,14.46546134,0
23,18.86712768,12.40599959,0
67,17.31292272,13.29424712,0
67,10.21097805,19.98709372,0
80,17.15722207,19.4694852,0
20,17.59073821,10.95659597,0
20,11.2953627,11.41524889,0
53,18.95183119,11.47128569,0
20,15.37606492,18.01668579,0
443,10.08034305,19.75952925,0
22,17.83397044,17.14643387,0
20,17.76845311,12.19976702,0
67,13.38319763,10.51349652,0
68,16.86564371,19.19831503,1
23,17.80606271,14.63604718,1
67,14.45230574,12.69870721,0
68,15.11227126,13.91103676,0
80,13.1604423,17.69348813,0
23,13.53060468,15.16001932,0
20,15.9494704,17.95184124,0
80,19.4309241,17.1281019,0
23,10.10379874,18.87444405,0
68,17.09444645,17.67891481,0
443,15.05900534,19.0769281,0
67,12.06046453,19.63098468,0
21,14.43205897,17.89429161,0
67,15.23060246,12.00301467,0
80,15.58719179,19.38425309,0
80,11.98170823,12.00445758,0
23,13.98591405,10.59903766,1
21,15.90550712,10.76011477,0
68,13.0011999,12.0045771,0
443,14.10723264,10.40863124,1
443,11.32407014,15.3416856,0
22,12.82930521,10.11613555,0
22,18.82401182,15.58422495,0
443,18.40482923,11.32236141,0
68,14.15898399,11.31134788,0
68,17.12001484,11.76814629,0
22,11.02497466,12.2920046,0
21,16.56292022,15.69279507,0
23,18.3718586,10.66225736,0
67,11.35155966,17.91125444,0
67,10.96714352,11.64974731,0
67,12.70821245,13.76931879,0
443,12.19775438,13.30626958,0
80,15.89857434,16.46017536,0
80,19.88018514,16.30827751,0
20,13.31194134,17.60685807,0
53,17.59409261,19.62503123,0
67,10.87144886,17.06383753,1
80,19.89414327,10.72053045,0
53,11.59149918,10.2782542,1
80,12.07841662,18.71789552,0
22,10.08157872,12.05402623,0
67,13.41138253,16.16892849,0
53,10.05532936,19.16633722,0
80,11.6557515,18.92197472,0
22,13.6250257,11.99165119,1
23,14.00303394,14.11191758,0
22,12.02094608,11.95278712,0
22,19.27059348,18.10963649,0
23,11.40663599,10.92388666,0
80,16.46655226,10.86598844,0
67,13.93179319,13.3546731,0
23,10.44792356,15.45673208,0
80,15.90026798,13.11745615,0
21,14.41352397,12.49526763,0
22,10.80007385,19.15765609,0
22,13.80444717,18.18866032,0
68,11.13293937,13.4592803,0
443,12.60678213,11.21810945,0
21,15.38674545,17.08339383,1
20,14.47877705,14.51784861,0
22,16.16812163,16.44937131,0
68,19.58946426,12.18072176,0
80,10.44274552,17.89343573,0
53,19.6875366,10.88535571,0
23,14.87327055,18.55618635,0
22,14.56272723,17.65384781,1
23,16.73608473,16.31286076,1
20,18.18723808,14.87859674,0
22,17.70555103,13.91909769,0
22,17.02972719,17.59298748,0
68,16.8953044,19.8608523,0
67,15.09744812,10.23413692,0
21,16.27891769,12.97379071,0
22,14.07892849,14.65169127,0
20,18.52128611,11.30073237,0
20,19.37706715,13.82277296,0
21,18.43286198,12.92974327,0
22,16.7475393,11.91518428,0
23,19.03305587,14.23573087,1
443,17.76755654,13.68485477,0
23,12.48339818,12.64622294,0
20,12.37228041,11.69818607,0
23,14.84858989,14.83771447,0
22,18.17422855,12.60477165,0
22,15.58919175,12.91225315,0
21,13.45784273,12.84545837,0
53,12.08170712,11.42194625,0
80,11.34098994,10.1378523,0
443,13.46682905,18.25506327,1
68,11.32696025,13.62029212,0
53,16.64499179,14.17625489,0
80,18.00991517,18.5544464,0
80,16.30747962,11.20631242,0
53,12.49802008,16.46006564,0
443,12.47092178,17.23539588,0
68,14.53224986,16.65269006,0
80,18.23700089,15.96241981,0
443,12.95876492,15.41301897,0
68,16.63775948,13.29825899,0
21,17.18523315,17.66358905,0
443,16.34105742,16.62314211,0
53,14.03889145,15.33946433,0
22,11.97684462,16.71489616,0
22,17.70159158,11.48947834,0
23,12.56114946,12.51471386,0
22,10.15767297,17.99183649,0
23,17.95430512,10.94028996,0
20,13.00104666,19.25133925,0
80,13.45879502,16.73128865,0
68,17.36487255,12.25350177,0
21,17.88134437,15.98582177,0
22,12.13680579,11.50728044,0
21,17.35549581,17.34665772,0
23,18.38501544,11.62575139,1
22,14.59435776,16.69337908,0
80,14.86330154,19.62623834,0
67,19.69596879,19.84431276,0
20,13.62027871,18.86354534,0
21,18.03989338,14.60109823,0
21,19.65702072,18.14996408,0
23,14.42164713,19.17600796,0
22,18.37323574,18.35274135,0
21,10.84886192,12.12343066,0
80,16.04547535,18.36376716,0
68,12.66486356,17.80818747,0
443,15.66007871,16.30292064,0
80,15.66512466,15.65948291,0
80,15.43143888,16.80433838,0
53,12.21272673,18.04734764,0
53,18.45378207,12.56657443,0
443,14.04041807,19.17721435,1
443,18.47454724,15.19183657,0
22,19.1939851,18.83151501,0
67,17.02816877,17.51515016,1
53,10.17059597,11.94424702,0
443,16.75379317,19.08532078,0
80,16.58067665,13.59310092,0
21,19.44750873,13.37249832,0
68,13.90688251,15.59307897,0
67,10.04131518,13.60424308,0
68,17.19911691,10.08804346,1
68,14.07825637,19.31857662,0
20,19.89459116,18.607185,0
67,14.11633221,13.29309288,0
22,15.72375026,19.38739028,0
20,12.87323105,13.98550771,0
20,15.49791971,16.16747832,0
23,11.47463703,11.51456668,0
443,10.64622684,12.36386123,0
23,14.62433406,13.80145524,0
68,17.40216991,15.48240521,0
67,13.68563912,17.17786052,0
21,19.73346538,18.3014121,0
22,17.71625211,19.68850324,0
68,10.33819725,11.54347012,0
443,17.41172675,13.11355156,0
20,12.46110392,13.65539742,0
22,18.8383727,13.81542369,0
68,12.46999075,16.9752046,0
22,14.41549577,16.93616812,0
20,14.2053637,15.37557431,0
22,10.18739855,17.52834776,0
20,19.11335476,18.44446353,0
443,12.35366639,13.68034631,0
